<?xml version="1.0" encoding="utf-8" ?><dwsync><file name="SpryValidationConfirm.css" server="caperemit.com/public_html/new/" local="3540406972" remote="318763443933325272" Dst="-1" /><file name="SpryValidationPassword.css" server="caperemit.com/public_html/new/" local="3540406972" remote="318763443933325332" Dst="-1" /><file name="SpryValidationSelect.css" server="caperemit.com/public_html/new/" local="3540406972" remote="318763443933325332" Dst="-1" /><file name="SpryValidationTextarea.css" server="caperemit.com/public_html/new/" local="3540406972" remote="318763443933325332" Dst="-1" /><file name="SpryValidationTextField.css" server="caperemit.com/public_html/new/" local="3540406972" remote="318763443933325332" Dst="-1" /><file name=".htaccess" server="caperemit.com/public_html/new/" local="3540406972" remote="318763443933325332" Dst="-1" /><file name="SpryValidationConfirm.js" server="caperemit.com/public_html/new/" local="3540406972" remote="318763443933325332" Dst="-1" /><file name="SpryValidationPassword.js" server="caperemit.com/public_html/new/" local="3540406972" remote="318763443933325332" Dst="-1" /><file name="SpryValidationSelect.js" server="caperemit.com/public_html/new/" local="3540406972" remote="318763443933325332" Dst="-1" /><file name="SpryValidationTextarea.js" server="caperemit.com/public_html/new/" local="3540406972" remote="318763443933325332" Dst="-1" /><file name="SpryValidationTextField.js" server="caperemit.com/public_html/new/" local="3540406972" remote="318763443933325332" Dst="-1" /></dwsync>