<?xml version="1.0" encoding="utf-8" ?><dwsync><file name="all.css" server="caperemit.com/public_html/" local="3453539464" remote="318763443930547572" Dst="-1" /><file name="custom.css" server="caperemit.com/public_html/" local="3459343288" remote="318763443930547572" Dst="-1" /><file name="custom.styl" server="caperemit.com/public_html/" local="3453539464" remote="318763443930547572" Dst="-1" /><file name="icheck.png" server="caperemit.com/public_html/" local="3453539464" remote="318763443930547632" Dst="-1" /><file name="montserrat-bold.eot" server="caperemit.com/public_html/" local="3453539464" remote="318763443930547632" Dst="-1" /><file name="montserrat-bold.ttf" server="caperemit.com/public_html/" local="3453539464" remote="318763443930547632" Dst="-1" /><file name="montserrat-bold.woff" server="caperemit.com/public_html/" local="3453539464" remote="318763443930547632" Dst="-1" /><file name="montserrat-bold.svg" server="caperemit.com/public_html/" local="3453539464" remote="318763443930547632" Dst="-1" /><file name="montserrat-regular.eot" server="caperemit.com/public_html/" local="3453539464" remote="318763443930547632" Dst="-1" /><file name="montserrat-regular.svg" server="caperemit.com/public_html/" local="3453539464" remote="318763443930547632" Dst="-1" /><file name="montserrat-regular.woff" server="caperemit.com/public_html/" local="3453539464" remote="318763443930547632" Dst="-1" /><file name="montserrat-regular.ttf" server="caperemit.com/public_html/" local="3453539464" remote="318763443930547632" Dst="-1" /><file name="normalize.css" server="caperemit.com/public_html/" local="3453539464" remote="318763443930547632" Dst="-1" /><file name="Thumbs.db" server="caperemit.com/public_html/" local="3460725244" remote="318763443930547692" Dst="-1" /></dwsync>