<?xml version="1.0" encoding="utf-8" ?><dwsync><file name="common.js" server="caperemit.com/public_html/" local="3519932458" remote="318763443930547872" Dst="-1" /><file name="bootstrap.min.js" server="caperemit.com/public_html/" local="3517308802" remote="318763443930547872" Dst="-1" /><file name="bootstrap.js" server="caperemit.com/public_html/" local="3518456912" remote="318763443930547872" Dst="-1" /><file name="npm.js" server="caperemit.com/public_html/" local="3517308802" remote="318763443930547872" Dst="-1" /><file name="common.js" server="caperemit.com/public_html/new/" local="3519932458" remote="318763443933203772" Dst="-1" /><file name="bootstrap.min.js" server="caperemit.com/public_html/new/" local="3517308802" remote="318763443933203772" Dst="-1" /><file name="bootstrap.js" server="caperemit.com/public_html/new/" local="3518456912" remote="318763443933203772" Dst="-1" /><file name="npm.js" server="caperemit.com/public_html/new/" local="3517308802" remote="318763443933203772" Dst="-1" /></dwsync>