<?xml version="1.0" encoding="utf-8" ?><dwsync><file name="fontawesome-webfont.eot" server="caperemit.com/public_html/" local="3512166984" remote="318763443930547932" Dst="-1" /><file name="fontawesome-webfont.woff" server="caperemit.com/public_html/" local="3512166984" remote="318763443930547932" Dst="-1" /><file name="fontawesome-webfont.ttf" server="caperemit.com/public_html/" local="3512166984" remote="318763443930547932" Dst="-1" /><file name="fontawesome-webfont.svg" server="caperemit.com/public_html/" local="3512166984" remote="318763443930547932" Dst="-1" /><file name="fontawesome-webfont.woff2" server="caperemit.com/public_html/" local="3512166984" remote="318763443930547932" Dst="-1" /><file name="FontAwesome.otf" server="caperemit.com/public_html/" local="3512166984" remote="318763443930547932" Dst="-1" /><file name="glyphicons-halflings-regular.eot" server="caperemit.com/public_html/" local="3509260760" remote="318763443930547932" Dst="-1" /><file name="glyphicons-halflings-regular.ttf" server="caperemit.com/public_html/" local="3509260760" remote="318763443930547932" Dst="-1" /><file name="glyphicons-halflings-regular.svg" server="caperemit.com/public_html/" local="3509260760" remote="318763443930547932" Dst="-1" /><file name="glyphicons-halflings-regular.woff" server="caperemit.com/public_html/" local="3509260760" remote="318763443930547932" Dst="-1" /><file name="glyphicons-halflings-regular.woff2" server="caperemit.com/public_html/" local="3509260760" remote="318763443930547932" Dst="-1" /><file name="glyphicons-halflings-regular.eot" server="caperemit.com/public_html/new/" local="3509260760" remote="318763443931224972" Dst="-1" /><file name="glyphicons-halflings-regular.woff2" server="caperemit.com/public_html/new/" local="3509260760" remote="318763443931224972" Dst="-1" /><file name="glyphicons-halflings-regular.woff" server="caperemit.com/public_html/new/" local="3509260760" remote="318763443931224972" Dst="-1" /><file name="glyphicons-halflings-regular.ttf" server="caperemit.com/public_html/new/" local="3509260760" remote="318763443931224972" Dst="-1" /><file name="fontawesome-webfont.eot" server="caperemit.com/public_html/new/" local="3512166984" remote="318763443931224972" Dst="-1" /><file name="fontawesome-webfont.ttf" server="caperemit.com/public_html/new/" local="3512166984" remote="318763443931224972" Dst="-1" /><file name="fontawesome-webfont.woff" server="caperemit.com/public_html/new/" local="3512166984" remote="318763443931224972" Dst="-1" /><file name="fontawesome-webfont.woff2" server="caperemit.com/public_html/new/" local="3512166984" remote="318763443931224972" Dst="-1" /><file name="fontawesome-webfont.svg" server="caperemit.com/public_html/new/" local="3512166984" remote="318763443931224972" Dst="-1" /><file name="FontAwesome.otf" server="caperemit.com/public_html/new/" local="3512166984" remote="318763443931224972" Dst="-1" /><file name="glyphicons-halflings-regular.svg" server="caperemit.com/public_html/new/" local="3509260760" remote="318763443931224972" Dst="-1" /></dwsync>