<?xml version="1.0" encoding="utf-8" ?><dwsync><file name="glyphicons-halflings-regular.eot" server="caperemit.com/public_html/" local="3517308802" remote="318763443930547692" Dst="-1" /><file name="glyphicons-halflings-regular.ttf" server="caperemit.com/public_html/" local="3517308802" remote="318763443930547692" Dst="-1" /><file name="glyphicons-halflings-regular.woff" server="caperemit.com/public_html/" local="3517308802" remote="318763443930547692" Dst="-1" /><file name="glyphicons-halflings-regular.svg" server="caperemit.com/public_html/" local="3517308802" remote="318763443930547692" Dst="-1" /><file name="glyphicons-halflings-regular.woff2" server="caperemit.com/public_html/" local="3517308802" remote="318763443930547692" Dst="-1" /><file name="glyphicons-regular.eot" server="caperemit.com/public_html/" local="3499576294" remote="318763443930547692" Dst="-1" /><file name="glyphicons-regular.ttf" server="caperemit.com/public_html/" local="3499576294" remote="318763443930547692" Dst="-1" /><file name="glyphicons-regular.woff" server="caperemit.com/public_html/" local="3499576294" remote="318763443930547692" Dst="-1" /><file name="glyphicons-regular.woff2" server="caperemit.com/public_html/" local="3499576294" remote="318763443930547692" Dst="-1" /><file name="glyphicons-regular.svg" server="caperemit.com/public_html/" local="3499576294" remote="318763443930547692" Dst="-1" /></dwsync>