<?xml version="1.0" encoding="utf-8" ?><dwsync><file name="config.php" server="caperemit.com/public_html/" local="3536591957" remote="318763443930547872" Dst="-1" /><file name="visitors.php" server="caperemit.com/public_html/" local="3536599390" remote="318763443930547872" Dst="-1" /><file name="common.php" server="caperemit.com/public_html/" local="3536591957" remote="318763443930547872" Dst="-1" /><file name="alerts.php" server="caperemit.com/public_html/" local="3536591957" remote="318763443930547872" Dst="-1" /><file name="system_log.php" server="caperemit.com/public_html/" local="3536591957" remote="318763443930547872" Dst="-1" /><file name="admin.php" server="caperemit.com/public_html/" local="3536592394" remote="318763443930547872" Dst="-1" /><file name="settings.php" server="caperemit.com/public_html/" local="3536770975" remote="318763443930547872" Dst="-1" /><file name="pages.php" server="caperemit.com/public_html/" local="3536599822" remote="318763443930547872" Dst="-1" /><file name="adminPages.php" server="caperemit.com/public_html/" local="3536606504" remote="318763443930547872" Dst="-1" /><file name="system_log.php" server="caperemit.com/public_html/new/" local="3539010756" remote="318763443931927212" Dst="-1" /><file name="config.php" server="caperemit.com/public_html/new/" local="3536591957" remote="318763443930548352" Dst="-1" /><file name="common.php" server="caperemit.com/public_html/new/" local="3540311676" remote="318763443933231792" Dst="-1" /><file name="visitors.php" server="caperemit.com/public_html/new/" local="3539010756" remote="318763443931927212" Dst="-1" /><file name="alerts.php" server="caperemit.com/public_html/new/" local="3536591957" remote="318763443930548352" Dst="-1" /><file name="admin.php" server="caperemit.com/public_html/new/" local="3539010756" remote="318763443931927212" Dst="-1" /><file name="settings.php" server="caperemit.com/public_html/new/" local="3539077157" remote="318763443931992732" Dst="-1" /><file name="pages.php" server="caperemit.com/public_html/new/" local="3540606278" remote="318763443933520752" Dst="-1" /><file name="adminPages.php" server="caperemit.com/public_html/new/" local="3539011926" remote="318763443931927212" Dst="-1" /><file name="users.php" server="caperemit.com/public_html/new/" local="3540405134" remote="318763443933325272" Dst="-1" /><file name="cart.php" server="caperemit.com/public_html/new/" local="3536591957" remote="318763443930817572" Dst="-1" /><file name="categories.php" server="caperemit.com/public_html/new/" local="3536591957" remote="318763443930817572" Dst="-1" /><file name="comment.php" server="caperemit.com/public_html/new/" local="3536591957" remote="318763443930817572" Dst="-1" /><file name="coupon.php" server="caperemit.com/public_html/new/" local="3536591957" remote="318763443930817572" Dst="-1" /><file name="inventory.php" server="caperemit.com/public_html/new/" local="3536591957" remote="318763443930817572" Dst="-1" /><file name="inventory_property.php" server="caperemit.com/public_html/new/" local="3536591957" remote="318763443930817572" Dst="-1" /><file name="photos.php" server="caperemit.com/public_html/new/" local="3536591957" remote="318763443930817572" Dst="-1" /><file name="bank.php" server="caperemit.com/public_html/new/" local="3539003556" remote="318763443931927212" Dst="-1" /><file name="recipient_money.php" server="caperemit.com/public_html/new/" local="3538401639" remote="318763443931318092" Dst="-1" /><file name="transactions.php" server="caperemit.com/public_html/new/" local="3539010756" remote="318763443931927212" Dst="-1" /><file name="contact.php" server="caperemit.com/public_html/new/" local="3540427792" remote="318763443933342312" Dst="-1" /></dwsync>