<?xml version="1.0" encoding="utf-8" ?><dwsync><file name="_all.css" server="caperemit.com/public_html/" local="3453539464" remote="318763443930547632" Dst="-1" /><file name="aero.css" server="caperemit.com/public_html/" local="3453539464" remote="318763443930547632" Dst="-1" /><file name="blue.css" server="caperemit.com/public_html/" local="3510326770" remote="318763443930547632" Dst="-1" /><file name="green.css" server="caperemit.com/public_html/" local="3453539464" remote="318763443930547632" Dst="-1" /><file name="line.css" server="caperemit.com/public_html/" local="3453539464" remote="318763443930547632" Dst="-1" /><file name="grey.css" server="caperemit.com/public_html/" local="3453539464" remote="318763443930547632" Dst="-1" /><file name="line.png" server="caperemit.com/public_html/" local="3453539464" remote="318763443930547632" Dst="-1" /><file name="orange.css" server="caperemit.com/public_html/" local="3453539464" remote="318763443930547632" Dst="-1" /><file name="line@2x.png" server="caperemit.com/public_html/" local="3453539464" remote="318763443930547632" Dst="-1" /><file name="pink.css" server="caperemit.com/public_html/" local="3453539464" remote="318763443930547632" Dst="-1" /><file name="purple.css" server="caperemit.com/public_html/" local="3453539464" remote="318763443930547632" Dst="-1" /><file name="red.css" server="caperemit.com/public_html/" local="3453539464" remote="318763443930547632" Dst="-1" /><file name="Thumbs.db" server="caperemit.com/public_html/" local="3478887184" remote="318763443930547632" Dst="-1" /><file name="yellow.css" server="caperemit.com/public_html/" local="3474125624" remote="318763443930547632" Dst="-1" /></dwsync>