<?xml version="1.0" encoding="utf-8" ?><dwsync><file name="glyphicons-halflings-regular.eot" server="caperemit.com/public_html/" local="3519247738" remote="318763443930547572" Dst="-1" /><file name="glyphicons-halflings-regular.ttf" server="caperemit.com/public_html/" local="3519247738" remote="318763443930547572" Dst="-1" /><file name="glyphicons-halflings-regular.woff" server="caperemit.com/public_html/" local="3519247732" remote="318763443930547572" Dst="-1" /><file name="glyphicons-halflings-regular.svg" server="caperemit.com/public_html/" local="3519247740" remote="318763443930547572" Dst="-1" /><file name="glyphicons-halflings-regular.woff2" server="caperemit.com/public_html/" local="3519247734" remote="318763443930547572" Dst="-1" /><file name="gothicb.eot" server="caperemit.com/public_html/" local="3519247734" remote="318763443930547572" Dst="-1" /><file name="gothicregular.eot" server="caperemit.com/public_html/" local="3519247738" remote="318763443930547572" Dst="-1" /><file name="gothicb.svg" server="caperemit.com/public_html/" local="3519247736" remote="318763443930547572" Dst="-1" /><file name="gothicregular.ttf" server="caperemit.com/public_html/" local="3519247740" remote="318763443930547572" Dst="-1" /><file name="gothicregular.svg" server="caperemit.com/public_html/" local="3519247734" remote="318763443930547572" Dst="-1" /></dwsync>