<?xml version="1.0" encoding="utf-8" ?><dwsync><file name="calculateCharge.php" server="caperemit.com/public_html/" local="3536770975" remote="318763443930547872" Dst="-1" /><file name="calculateCharge.php" server="caperemit.com/public_html/new/" local="3538403909" remote="318763443931318872" Dst="-1" /><file name="checkAvailable.php" server="caperemit.com/public_html/new/" local="3537857352" remote="318763443930775392" Dst="-1" /><file name="login.php" server="caperemit.com/public_html/new/" local="3537857635" remote="318763443930775392" Dst="-1" /><file name="register.php" server="caperemit.com/public_html/new/" local="3537898364" remote="318763443930817572" Dst="-1" /><file name="addRecipient.php" server="caperemit.com/public_html/new/" local="3538401579" remote="318763443931318092" Dst="-1" /><file name="getData.php" server="caperemit.com/public_html/new/" local="3538337117" remote="318763443931255992" Dst="-1" /><file name="validateName.php" server="caperemit.com/public_html/new/" local="3538403912" remote="318763443931318872" Dst="-1" /><file name="password.php" server="caperemit.com/public_html/new/" local="3540315696" remote="318763443933231792" Dst="-1" /></dwsync>