<?xml version="1.0" encoding="utf-8" ?><dwsync><file name="ar.png" server="caperemit.com/public_html/" local="3531831398" remote="318763443930547872" Dst="-1" /><file name="et.png" server="caperemit.com/public_html/" local="3531502688" remote="318763443930547872" Dst="-1" /><file name="go.png" server="caperemit.com/public_html/" local="3531502870" remote="318763443930547872" Dst="-1" /><file name="mtn.png" server="caperemit.com/public_html/" local="3531502804" remote="318763443930547872" Dst="-1" /><file name="ar.png" server="caperemit.com/public_html/new/" local="3531831398" remote="318763443930775332" Dst="-1" /><file name="et.png" server="caperemit.com/public_html/new/" local="3531502688" remote="318763443930775332" Dst="-1" /><file name="go.png" server="caperemit.com/public_html/new/" local="3531502870" remote="318763443930775332" Dst="-1" /><file name="mtn.png" server="caperemit.com/public_html/new/" local="3531502804" remote="318763443930775332" Dst="-1" /></dwsync>