<?xml version="1.0" encoding="utf-8" ?><dwsync><file name="American_Express.png" server="caperemit.com/public_html/" local="3530297408" remote="318763443930547692" Dst="-1" /><file name="Anti-Fraud.png" server="caperemit.com/public_html/" local="3531142180" remote="318763443930547692" Dst="-1" /><file name="atm-icon.png" server="caperemit.com/public_html/" local="3530299552" remote="318763443930547692" Dst="-1" /><file name="Bank-Transfer.png" server="caperemit.com/public_html/" local="3530299366" remote="318763443930547692" Dst="-1" /><file name="bill.png" server="caperemit.com/public_html/" local="3531255428" remote="318763443930547692" Dst="-1" /><file name="banner-img.jpg" server="caperemit.com/public_html/" local="3530932378" remote="318763443930547692" Dst="-1" /><file name="border-line.png" server="caperemit.com/public_html/" local="3529536424" remote="318763443930547692" Dst="-1" /><file name="calendar.png" server="caperemit.com/public_html/" local="3469119252" remote="318763443930547692" Dst="-1" /><file name="cape-user.png" server="caperemit.com/public_html/" local="3529171834" remote="318763443930547692" Dst="-1" /><file name="clint-img.png" server="caperemit.com/public_html/" local="3529171924" remote="318763443930547692" Dst="-1" /><file name="facebook-icon.png" server="caperemit.com/public_html/" local="3529502798" remote="318763443930547692" Dst="-1" /><file name="Debit-credit-card.png" server="caperemit.com/public_html/" local="3530299220" remote="318763443930547692" Dst="-1" /><file name="banner-img.png" server="caperemit.com/public_html/" local="3530805920" remote="318763443930547692" Dst="-1" /><file name="facebook.png" server="caperemit.com/public_html/" local="3531257332" remote="318763443930547692" Dst="-1" /><file name="facebook2.png" server="caperemit.com/public_html/" local="3530682090" remote="318763443930547692" Dst="-1" /><file name="Fast-and-Reliable.png" server="caperemit.com/public_html/" local="3530295760" remote="318763443930547692" Dst="-1" /><file name="fca-logo.png" server="caperemit.com/public_html/" local="3531141690" remote="318763443930547692" Dst="-1" /><file name="friends-img.png" server="caperemit.com/public_html/" local="3529171368" remote="318763443930547812" Dst="-1" /><file name="Fully-Regulated.png" server="caperemit.com/public_html/" local="3530296222" remote="318763443930547812" Dst="-1" /><file name="gb.png" server="caperemit.com/public_html/" local="3531499844" remote="318763443930547812" Dst="-1" /><file name="Google-Plus-icon.png" server="caperemit.com/public_html/" local="3531242356" remote="318763443930547812" Dst="-1" /><file name="Google-Plus-icon__.png" server="caperemit.com/public_html/" local="3528923020" remote="318763443930547812" Dst="-1" /><file name="help-img.png" server="caperemit.com/public_html/" local="3529171406" remote="318763443930547812" Dst="-1" /><file name="google.png" server="caperemit.com/public_html/" local="3531257364" remote="318763443930547812" Dst="-1" /><file name="HMRC-icon.png" server="caperemit.com/public_html/" local="3531141734" remote="318763443930547812" Dst="-1" /><file name="icon-img-sky.png" server="caperemit.com/public_html/" local="3530189426" remote="318763443930547812" Dst="-1" /><file name="icon-img.png" server="caperemit.com/public_html/" local="3530189202" remote="318763443930547812" Dst="-1" /><file name="icon-left.png" server="caperemit.com/public_html/" local="3530131624" remote="318763443930547812" Dst="-1" /><file name="icon-right.png" server="caperemit.com/public_html/" local="3530131594" remote="318763443930547812" Dst="-1" /><file name="in.png" server="caperemit.com/public_html/" local="3529986332" remote="318763443930547812" Dst="-1" /><file name="Low-Cost-Service.png" server="caperemit.com/public_html/" local="3530294028" remote="318763443930547812" Dst="-1" /><file name="Man-icon.png" server="caperemit.com/public_html/" local="3529172012" remote="318763443930547812" Dst="-1" /><file name="man-img.png" server="caperemit.com/public_html/" local="3528931096" remote="318763443930547812" Dst="-1" /><file name="massage.png" server="caperemit.com/public_html/" local="3529537476" remote="318763443930547812" Dst="-1" /><file name="mastercard-red.png" server="caperemit.com/public_html/" local="3531141370" remote="318763443930547812" Dst="-1" /><file name="MasterCard_Logo-2.png" server="caperemit.com/public_html/" local="3530297714" remote="318763443930547812" Dst="-1" /><file name="MasterCard_Logo.png" server="caperemit.com/public_html/" local="3530297678" remote="318763443930547812" Dst="-1" /><file name="MBG.png" server="caperemit.com/public_html/" local="3530295994" remote="318763443930547872" Dst="-1" /><file name="mobile-phone-icon.png" server="caperemit.com/public_html/" local="3531253450" remote="318763443930547872" Dst="-1" /><file name="Mobile-Airtime.png" server="caperemit.com/public_html/" local="3530299808" remote="318763443930547872" Dst="-1" /><file name="Mobile-Wallet.png" server="caperemit.com/public_html/" local="3530299660" remote="318763443930547872" Dst="-1" /><file name="money-icon.png" server="caperemit.com/public_html/" local="3529176442" remote="318763443930547872" Dst="-1" /><file name="money-img.png" server="caperemit.com/public_html/" local="3529168322" remote="318763443930547872" Dst="-1" /><file name="ng.png" server="caperemit.com/public_html/" local="3531500596" remote="318763443930547872" Dst="-1" /><file name="London-Siloutte.png" server="caperemit.com/public_html/" local="3530799856" remote="318763443930547872" Dst="-1" /><file name="Password-img.png" server="caperemit.com/public_html/" local="3529171388" remote="318763443930547872" Dst="-1" /><file name="no_hidden_charges.png" server="caperemit.com/public_html/" local="3530296146" remote="318763443930547872" Dst="-1" /><file name="Pay-Bills.png" server="caperemit.com/public_html/" local="3530556314" remote="318763443930547872" Dst="-1" /><file name="payments-con.png" server="caperemit.com/public_html/" local="3529342064" remote="318763443930547872" Dst="-1" /><file name="payments-img.png" server="caperemit.com/public_html/" local="3529171330" remote="318763443930547872" Dst="-1" /><file name="recipients-con.png" server="caperemit.com/public_html/" local="3529348220" remote="318763443930547872" Dst="-1" /><file name="recipients-img.png" server="caperemit.com/public_html/" local="3529171352" remote="318763443930547872" Dst="-1" /><file name="prepaid.png" server="caperemit.com/public_html/" local="3530302758" remote="318763443930547872" Dst="-1" /><file name="Safety-and-Security.png" server="caperemit.com/public_html/" local="3530295492" remote="318763443930547872" Dst="-1" /><file name="Safety-and-Security2.png" server="caperemit.com/public_html/" local="3531141142" remote="318763443930547872" Dst="-1" /><file name="Safety-First.png" server="caperemit.com/public_html/" local="3531265728" remote="318763443930547872" Dst="-1" /><file name="shield-checkmark.png" server="caperemit.com/public_html/" local="3531142426" remote="318763443930547872" Dst="-1" /><file name="shokunin-World-Map.png" server="caperemit.com/public_html/" local="3530300190" remote="318763443930547872" Dst="-1" /><file name="signup-google-img.png" server="caperemit.com/public_html/" local="3532024564" remote="318763443930547872" Dst="-1" /><file name="signup-img.png" server="caperemit.com/public_html/" local="3532024522" remote="318763443930547872" Dst="-1" /><file name="verified-by-visa.png" server="caperemit.com/public_html/" local="3531141396" remote="318763443930547872" Dst="-1" /><file name="twitter.png" server="caperemit.com/public_html/" local="3528922778" remote="318763443930547872" Dst="-1" /><file name="Visa-Prepaid.png" server="caperemit.com/public_html/" local="3530302728" remote="318763443930547872" Dst="-1" /><file name="Visa.png" server="caperemit.com/public_html/" local="3530297752" remote="318763443930547872" Dst="-1" /><file name="What-our-Customers-are-Saying.jpg" server="caperemit.com/public_html/" local="3530932080" remote="318763443930547872" Dst="-1" /><file name="World-Map--transparent.png" server="caperemit.com/public_html/" local="3530799560" remote="318763443930547872" Dst="-1" /><file name="yahoo.png" server="caperemit.com/public_html/" local="3529537496" remote="318763443930547872" Dst="-1" /><file name="What-our-Customers-are-Saying.png" server="caperemit.com/public_html/" local="3530800092" remote="318763443930547872" Dst="-1" /><file name="banner-img.jpg" server="caperemit.com/public_html/new/" local="3530932378" remote="318763443930775332" Dst="-1" /><file name="American_Express.png" server="caperemit.com/public_html/new/" local="3530297408" remote="318763443930775332" Dst="-1" /><file name="Anti-Fraud.png" server="caperemit.com/public_html/new/" local="3531142180" remote="318763443930775332" Dst="-1" /><file name="atm-icon.png" server="caperemit.com/public_html/new/" local="3530299552" remote="318763443930775332" Dst="-1" /><file name="Bank-Transfer.png" server="caperemit.com/public_html/new/" local="3530299366" remote="318763443930775332" Dst="-1" /><file name="banner-img.png" server="caperemit.com/public_html/new/" local="3530805920" remote="318763443930775332" Dst="-1" /><file name="bill.png" server="caperemit.com/public_html/new/" local="3531255428" remote="318763443930775332" Dst="-1" /><file name="border-line.png" server="caperemit.com/public_html/new/" local="3529536424" remote="318763443930775332" Dst="-1" /><file name="cape-user.png" server="caperemit.com/public_html/new/" local="3529171834" remote="318763443930775332" Dst="-1" /><file name="clint-img.png" server="caperemit.com/public_html/new/" local="3529171924" remote="318763443930775332" Dst="-1" /><file name="Debit-credit-card.png" server="caperemit.com/public_html/new/" local="3530299220" remote="318763443930775332" Dst="-1" /><file name="facebook-icon.png" server="caperemit.com/public_html/new/" local="3529502798" remote="318763443930775332" Dst="-1" /><file name="facebook.png" server="caperemit.com/public_html/new/" local="3531257332" remote="318763443930775392" Dst="-1" /><file name="facebook2.png" server="caperemit.com/public_html/new/" local="3530682090" remote="318763443930775392" Dst="-1" /><file name="Fast-and-Reliable.png" server="caperemit.com/public_html/new/" local="3530295760" remote="318763443930775392" Dst="-1" /><file name="fca-logo.png" server="caperemit.com/public_html/new/" local="3531141690" remote="318763443930775392" Dst="-1" /><file name="friends-img.png" server="caperemit.com/public_html/new/" local="3529171368" remote="318763443930775392" Dst="-1" /><file name="Fully-Regulated.png" server="caperemit.com/public_html/new/" local="3530296222" remote="318763443930775392" Dst="-1" /><file name="gb.png" server="caperemit.com/public_html/new/" local="3531499844" remote="318763443930775392" Dst="-1" /><file name="Google-Plus-icon.png" server="caperemit.com/public_html/new/" local="3531242356" remote="318763443930775392" Dst="-1" /><file name="Google-Plus-icon__.png" server="caperemit.com/public_html/new/" local="3528923020" remote="318763443930775392" Dst="-1" /><file name="google.png" server="caperemit.com/public_html/new/" local="3531257364" remote="318763443930775392" Dst="-1" /><file name="help-img.png" server="caperemit.com/public_html/new/" local="3529171406" remote="318763443930775392" Dst="-1" /><file name="HMRC-icon.png" server="caperemit.com/public_html/new/" local="3531141734" remote="318763443930775392" Dst="-1" /><file name="icon-img-sky.png" server="caperemit.com/public_html/new/" local="3530189426" remote="318763443930775392" Dst="-1" /><file name="icon-img.png" server="caperemit.com/public_html/new/" local="3530189202" remote="318763443930775392" Dst="-1" /><file name="icon-left.png" server="caperemit.com/public_html/new/" local="3530131624" remote="318763443930775392" Dst="-1" /><file name="icon-right.png" server="caperemit.com/public_html/new/" local="3530131594" remote="318763443930775392" Dst="-1" /><file name="in.png" server="caperemit.com/public_html/new/" local="3529986332" remote="318763443930775392" Dst="-1" /><file name="London-Siloutte.png" server="caperemit.com/public_html/new/" local="3530799856" remote="318763443930775392" Dst="-1" /><file name="Low-Cost-Service.png" server="caperemit.com/public_html/new/" local="3530294028" remote="318763443930775392" Dst="-1" /><file name="Man-icon.png" server="caperemit.com/public_html/new/" local="3529172012" remote="318763443930775392" Dst="-1" /><file name="man-img.png" server="caperemit.com/public_html/new/" local="3528931096" remote="318763443930775392" Dst="-1" /><file name="massage.png" server="caperemit.com/public_html/new/" local="3529537476" remote="318763443930775392" Dst="-1" /><file name="mastercard-red.png" server="caperemit.com/public_html/new/" local="3531141370" remote="318763443930775392" Dst="-1" /><file name="MasterCard_Logo-2.png" server="caperemit.com/public_html/new/" local="3530297714" remote="318763443930775392" Dst="-1" /><file name="MasterCard_Logo.png" server="caperemit.com/public_html/new/" local="3530297678" remote="318763443930775392" Dst="-1" /><file name="MBG.png" server="caperemit.com/public_html/new/" local="3530295994" remote="318763443930775392" Dst="-1" /><file name="Mobile-Airtime.png" server="caperemit.com/public_html/new/" local="3530299808" remote="318763443930775392" Dst="-1" /><file name="mobile-phone-icon.png" server="caperemit.com/public_html/new/" local="3531253450" remote="318763443930775392" Dst="-1" /><file name="Mobile-Wallet.png" server="caperemit.com/public_html/new/" local="3530299660" remote="318763443930775392" Dst="-1" /><file name="money-icon.png" server="caperemit.com/public_html/new/" local="3529176442" remote="318763443930775392" Dst="-1" /><file name="money-img.png" server="caperemit.com/public_html/new/" local="3529168322" remote="318763443930775392" Dst="-1" /><file name="ng.png" server="caperemit.com/public_html/new/" local="3531500596" remote="318763443930775392" Dst="-1" /><file name="no_hidden_charges.png" server="caperemit.com/public_html/new/" local="3530296146" remote="318763443930775392" Dst="-1" /><file name="Password-img.png" server="caperemit.com/public_html/new/" local="3529171388" remote="318763443930775392" Dst="-1" /><file name="Pay-Bills.png" server="caperemit.com/public_html/new/" local="3530556314" remote="318763443930775392" Dst="-1" /><file name="payments-con.png" server="caperemit.com/public_html/new/" local="3529342064" remote="318763443930775392" Dst="-1" /><file name="payments-img.png" server="caperemit.com/public_html/new/" local="3529171330" remote="318763443930775392" Dst="-1" /><file name="prepaid.png" server="caperemit.com/public_html/new/" local="3530302758" remote="318763443930775392" Dst="-1" /><file name="recipients-con.png" server="caperemit.com/public_html/new/" local="3529348220" remote="318763443930775392" Dst="-1" /><file name="recipients-img.png" server="caperemit.com/public_html/new/" local="3529171352" remote="318763443930775392" Dst="-1" /><file name="Safety-and-Security.png" server="caperemit.com/public_html/new/" local="3530295492" remote="318763443930775392" Dst="-1" /><file name="Safety-and-Security2.png" server="caperemit.com/public_html/new/" local="3531141142" remote="318763443930775392" Dst="-1" /><file name="Safety-First.png" server="caperemit.com/public_html/new/" local="3531265728" remote="318763443930775392" Dst="-1" /><file name="shield-checkmark.png" server="caperemit.com/public_html/new/" local="3531142426" remote="318763443930775392" Dst="-1" /><file name="shokunin-World-Map.png" server="caperemit.com/public_html/new/" local="3530300190" remote="318763443930775392" Dst="-1" /><file name="signup-google-img.png" server="caperemit.com/public_html/new/" local="3532024564" remote="318763443930775392" Dst="-1" /><file name="signup-img.png" server="caperemit.com/public_html/new/" local="3532024522" remote="318763443930775392" Dst="-1" /><file name="twitter.png" server="caperemit.com/public_html/new/" local="3528922778" remote="318763443930775392" Dst="-1" /><file name="verified-by-visa.png" server="caperemit.com/public_html/new/" local="3531141396" remote="318763443930775392" Dst="-1" /><file name="Visa-Prepaid.png" server="caperemit.com/public_html/new/" local="3530302728" remote="318763443930775392" Dst="-1" /><file name="Visa.png" server="caperemit.com/public_html/new/" local="3530297752" remote="318763443930775392" Dst="-1" /><file name="What-our-Customers-are-Saying.png" server="caperemit.com/public_html/new/" local="3530800092" remote="318763443930775392" Dst="-1" /><file name="World-Map--transparent.png" server="caperemit.com/public_html/new/" local="3530799560" remote="318763443930775392" Dst="-1" /><file name="yahoo.png" server="caperemit.com/public_html/new/" local="3529537496" remote="318763443930775392" Dst="-1" /><file name="logo.png" server="caperemit.com/public_html/new/" local="3540316248" remote="318763443933231132" Dst="-1" /><file name="logo2.png" server="caperemit.com/public_html/new/" local="3538344073" remote="318763443931263672" Dst="-1" /><file name="loading.gif" server="caperemit.com/public_html/new/" local="3538380861" remote="318763443931305492" Dst="-1" /><file name=".DS_Store" server="caperemit.com/public_html/new/" local="3540316334" remote="318763443933230952" Dst="-1" /><file name="calendar.png" server="caperemit.com/public_html/new/" local="3469119252" remote="318763443933230952" Dst="-1" /><file name="logox.png" server="caperemit.com/public_html/new/" local="3538367160" remote="318763443933231132" Dst="-1" /><file name="What-our-Customers-are-Saying.jpg" server="caperemit.com/public_html/new/" local="3530932080" remote="318763443933231132" Dst="-1" /></dwsync>