<?xml version="1.0" encoding="utf-8" ?><dwsync><file name="bootstrap.min.js" server="caperemit.com/public_html/" local="3517056184" remote="318763443930547932" Dst="-1" /><file name="clndr.js" server="caperemit.com/public_html/" local="3516387498" remote="318763443930547932" Dst="-1" /><file name="Chart.js" server="caperemit.com/public_html/" local="3513881146" remote="318763443930547932" Dst="-1" /><file name="custom.js" server="caperemit.com/public_html/" local="3518462976" remote="318763443930547932" Dst="-1" /><file name="jquery.vmap.js" server="caperemit.com/public_html/" local="3516472036" remote="318763443930547932" Dst="-1" /><file name="jquery.min.js" server="caperemit.com/public_html/" local="3516199800" remote="318763443930547932" Dst="-1" /><file name="jquery.vmap.sampledata.js" server="caperemit.com/public_html/" local="3516472122" remote="318763443930547932" Dst="-1" /><file name="d3.v3.js" server="caperemit.com/public_html/" local="3518545328" remote="318763443930547932" Dst="-1" /><file name="metisMenu.min.js" server="caperemit.com/public_html/" local="3518462410" remote="318763443930547992" Dst="-1" /><file name="jquery.vmap.world.js" server="caperemit.com/public_html/" local="3516472082" remote="318763443930547992" Dst="-1" /><file name="moment-2.2.1.js" server="caperemit.com/public_html/" local="3516387492" remote="318763443930547992" Dst="-1" /><file name="site.js" server="caperemit.com/public_html/" local="3516387502" remote="318763443930547992" Dst="-1" /><file name="rickshaw.js" server="caperemit.com/public_html/" local="3518549774" remote="318763443930547992" Dst="-1" /><file name="underscore-min.js" server="caperemit.com/public_html/" local="3516387484" remote="318763443930547992" Dst="-1" /><file name="bootstrap.min.js" server="caperemit.com/public_html/new/" local="3517056184" remote="318763443931225392" Dst="-1" /><file name="Chart.js" server="caperemit.com/public_html/new/" local="3513881146" remote="318763443931225392" Dst="-1" /><file name="clndr.js" server="caperemit.com/public_html/new/" local="3516387498" remote="318763443931225392" Dst="-1" /><file name="custom.js" server="caperemit.com/public_html/new/" local="3518462976" remote="318763443931225392" Dst="-1" /><file name="d3.v3.js" server="caperemit.com/public_html/new/" local="3518545328" remote="318763443931225392" Dst="-1" /><file name="jquery.min.js" server="caperemit.com/public_html/new/" local="3516199800" remote="318763443931225392" Dst="-1" /><file name="jquery.vmap.js" server="caperemit.com/public_html/new/" local="3516472036" remote="318763443931225392" Dst="-1" /><file name="jquery.vmap.sampledata.js" server="caperemit.com/public_html/new/" local="3516472122" remote="318763443931225392" Dst="-1" /><file name="jquery.vmap.world.js" server="caperemit.com/public_html/new/" local="3516472082" remote="318763443931225392" Dst="-1" /><file name="metisMenu.min.js" server="caperemit.com/public_html/new/" local="3518462410" remote="318763443931225392" Dst="-1" /><file name="moment-2.2.1.js" server="caperemit.com/public_html/new/" local="3516387492" remote="318763443931225392" Dst="-1" /><file name="rickshaw.js" server="caperemit.com/public_html/new/" local="3518549774" remote="318763443931225392" Dst="-1" /><file name="site.js" server="caperemit.com/public_html/new/" local="3516387502" remote="318763443931225392" Dst="-1" /><file name="underscore-min.js" server="caperemit.com/public_html/new/" local="3516387484" remote="318763443931225392" Dst="-1" /></dwsync>