<?xml version="1.0" encoding="utf-8" ?><dwsync><file name="jquery.switchbutton.js" server="caperemit.com/public_html/" local="3473270526" remote="318763443930547932" Dst="-1" /><file name="jquery-ui-1.8.16.custom.min.js" server="caperemit.com/public_html/" local="3443081210" remote="318763443930547932" Dst="-1" /><file name="jquery.switchbutton.min.js" server="caperemit.com/public_html/" local="3443081210" remote="318763443930547932" Dst="-1" /><file name="jquery.tmpl.min.js" server="caperemit.com/public_html/" local="3443081210" remote="318763443930547932" Dst="-1" /><file name="jquery-ui-1.8.16.custom.min.js" server="caperemit.com/public_html/new/" local="3443081210" remote="318763443933203832" Dst="-1" /><file name="jquery.switchbutton.js" server="caperemit.com/public_html/new/" local="3473270526" remote="318763443933203832" Dst="-1" /><file name="jquery.switchbutton.min.js" server="caperemit.com/public_html/new/" local="3443081210" remote="318763443933203832" Dst="-1" /><file name="jquery.tmpl.min.js" server="caperemit.com/public_html/new/" local="3443081210" remote="318763443933203832" Dst="-1" /></dwsync>