<?xml version="1.0" encoding="utf-8" ?><dwsync><file name="custom.js" server="caperemit.com/public_html/" local="3453539464" remote="318763443930547872" Dst="-1" /><file name="jquery.icheck.min.js" server="caperemit.com/public_html/" local="3453539464" remote="318763443930547872" Dst="-1" /><file name="zepto.icheck.min.js" server="caperemit.com/public_html/" local="3453539464" remote="318763443930547872" Dst="-1" /><file name="zepto.js" server="caperemit.com/public_html/" local="3453539464" remote="318763443930547872" Dst="-1" /><file name="custom.js" server="caperemit.com/public_html/new/" local="3453539464" remote="318763443933203772" Dst="-1" /><file name="jquery.icheck.min.js" server="caperemit.com/public_html/new/" local="3453539464" remote="318763443933203772" Dst="-1" /><file name="zepto.icheck.min.js" server="caperemit.com/public_html/new/" local="3453539464" remote="318763443933203772" Dst="-1" /><file name="zepto.js" server="caperemit.com/public_html/new/" local="3453539464" remote="318763443933203772" Dst="-1" /></dwsync>