<?xml version="1.0" encoding="utf-8" ?><dwsync><file name="arrow-bottom.png" server="caperemit.com/public_html/" local="3453539464" remote="318763443930547632" Dst="-1" /><file name="arrow-top.png" server="caperemit.com/public_html/" local="3453539464" remote="318763443930547632" Dst="-1" /><file name="header-line.png" server="caperemit.com/public_html/" local="3453539464" remote="318763443930547632" Dst="-1" /><file name="icon-fork.png" server="caperemit.com/public_html/" local="3453539464" remote="318763443930547632" Dst="-1" /><file name="icon-github.png" server="caperemit.com/public_html/" local="3453539464" remote="318763443930547632" Dst="-1" /><file name="icon-lab.png" server="caperemit.com/public_html/" local="3453539464" remote="318763443930547632" Dst="-1" /><file name="icon-options.png" server="caperemit.com/public_html/" local="3453539464" remote="318763443930547632" Dst="-1" /><file name="icon-star.png" server="caperemit.com/public_html/" local="3453539464" remote="318763443930547632" Dst="-1" /><file name="Thumbs.db" server="caperemit.com/public_html/" local="3459343672" remote="318763443930547632" Dst="-1" /></dwsync>