<?xml version="1.0" encoding="utf-8" ?><dwsync><file name="clndr.css" server="caperemit.com/public_html/" local="3517595750" remote="318763443930547932" Dst="-1" /><file name="custom.css" server="caperemit.com/public_html/" local="3518630078" remote="318763443930547932" Dst="-1" /><file name="font-awesome.css" server="caperemit.com/public_html/" local="3481617384" remote="318763443930547932" Dst="-1" /><file name="bootstrap.min.css" server="caperemit.com/public_html/" local="3516986236" remote="318763443930547932" Dst="-1" /><file name="jqvmap.css" server="caperemit.com/public_html/" local="3516476078" remote="318763443930547932" Dst="-1" /><file name="lines.css" server="caperemit.com/public_html/" local="3518626066" remote="318763443930547932" Dst="-1" /><file name="style.css" server="caperemit.com/public_html/" local="3536593652" remote="318763443930547932" Dst="-1" /><file name="style.css" server="caperemit.com/public_html/new/" local="3536593652" remote="318763443931225392" Dst="-1" /><file name="bootstrap.min.css" server="caperemit.com/public_html/new/" local="3516986236" remote="318763443931225392" Dst="-1" /><file name="clndr.css" server="caperemit.com/public_html/new/" local="3517595750" remote="318763443931225392" Dst="-1" /><file name="custom.css" server="caperemit.com/public_html/new/" local="3518630078" remote="318763443931225392" Dst="-1" /><file name="font-awesome.css" server="caperemit.com/public_html/new/" local="3481617384" remote="318763443931225392" Dst="-1" /><file name="jqvmap.css" server="caperemit.com/public_html/new/" local="3516476078" remote="318763443931225392" Dst="-1" /><file name="lines.css" server="caperemit.com/public_html/new/" local="3518626066" remote="318763443931225392" Dst="-1" /></dwsync>