<?xml version="1.0" encoding="utf-8" ?><dwsync><file name=".DS_Store" server="caperemit.com/public_html/" local="3536591910" remote="318763443930547932" Dst="-1" /><file name="administrators.php" server="caperemit.com/public_html/" local="3536661882" remote="318763443930547932" Dst="-1" /><file name="administrators.right.php" server="caperemit.com/public_html/" local="3536661740" remote="318763443930547932" Dst="-1" /><file name="compose.html" server="caperemit.com/public_html/" local="3536605159" remote="318763443930547932" Dst="-1" /><file name="customers.php" server="caperemit.com/public_html/" local="3536601669" remote="318763443930547932" Dst="-1" /><file name="inbox.html" server="caperemit.com/public_html/" local="3536605159" remote="318763443930547932" Dst="-1" /><file name="index.php" server="caperemit.com/public_html/" local="3536600734" remote="318763443930547932" Dst="-1" /><file name="login.php" server="caperemit.com/public_html/" local="3536605160" remote="318763443930547992" Dst="-1" /><file name="session.php" server="caperemit.com/public_html/" local="3536597596" remote="318763443930547992" Dst="-1" /><file name="settings.php" server="caperemit.com/public_html/" local="3536770975" remote="318763443930547992" Dst="-1" /><file name="transactions.php" server="caperemit.com/public_html/" local="3536601684" remote="318763443930547992" Dst="-1" /><file name="untitled.php" server="caperemit.com/public_html/" local="3536664357" remote="318763443930547992" Dst="-1" /><file name="compose.html" server="caperemit.com/public_html/new/" local="3538310569" remote="318763443931225392" Dst="-1" /><file name="inbox.html" server="caperemit.com/public_html/new/" local="3538310569" remote="318763443931225392" Dst="-1" /><file name="administrators.php" server="caperemit.com/public_html/new/" local="3538310569" remote="318763443931225452" Dst="-1" /><file name="administrators.right.php" server="caperemit.com/public_html/new/" local="3540279711" remote="318763443933203472" Dst="-1" /><file name="customers.php" server="caperemit.com/public_html/new/" local="3539004653" remote="318763443931927212" Dst="-1" /><file name="index.php" server="caperemit.com/public_html/new/" local="3539012244" remote="318763443931927212" Dst="-1" /><file name="login.php" server="caperemit.com/public_html/new/" local="3538495645" remote="318763443931410372" Dst="-1" /><file name="session.php" server="caperemit.com/public_html/new/" local="3540405134" remote="318763443933325272" Dst="-1" /><file name="settings.php" server="caperemit.com/public_html/new/" local="3539004653" remote="318763443931927212" Dst="-1" /><file name="transactions.php" server="caperemit.com/public_html/new/" local="3539008079" remote="318763443931927212" Dst="-1" /><file name="untitled.php" server="caperemit.com/public_html/new/" local="3536664357" remote="318763443930775452" Dst="-1" /><file name=".DS_Store" server="caperemit.com/public_html/new/" local="3536591910" remote="318763443931224912" Dst="-1" /><file name="customers.manage.php" server="caperemit.com/public_html/new/" local="3539001746" remote="318763443931927212" Dst="-1" /><file name="settings.bank.php" server="caperemit.com/public_html/new/" local="3539004027" remote="318763443931927212" Dst="-1" /><file name="systemLog.php" server="caperemit.com/public_html/new/" local="3539005041" remote="318763443931927212" Dst="-1" /><file name="transactions.view.php" server="caperemit.com/public_html/new/" local="3539012989" remote="318763443931927452" Dst="-1" /><file name="visitorLog.php" server="caperemit.com/public_html/new/" local="3539004748" remote="318763443931927212" Dst="-1" /></dwsync>