<?xml version="1.0" encoding="utf-8" ?><dwsync><file name="home.js" server="caperemit.com/public_html/" local="3536770774" remote="318763443930547872" Dst="-1" /><file name="html5shiv.min.js" server="caperemit.com/public_html/" local="3528811168" remote="318763443930547872" Dst="-1" /><file name="jPushMenu.js" server="caperemit.com/public_html/" local="3532711872" remote="318763443930547872" Dst="-1" /><file name="jquery.min.js" server="caperemit.com/public_html/" local="3528748170" remote="318763443930547872" Dst="-1" /><file name="respond.min.js" server="caperemit.com/public_html/" local="3528811180" remote="318763443930547872" Dst="-1" /><file name="home.js" server="caperemit.com/public_html/new/" local="3540405134" remote="318763443933325272" Dst="-1" /><file name="html5shiv.min.js" server="caperemit.com/public_html/new/" local="3528811168" remote="318763443930775452" Dst="-1" /><file name="jPushMenu.js" server="caperemit.com/public_html/new/" local="3532711872" remote="318763443930775452" Dst="-1" /><file name="jquery.min.js" server="caperemit.com/public_html/new/" local="3537807647" remote="318763443930775452" Dst="-1" /><file name="respond.min.js" server="caperemit.com/public_html/new/" local="3528811180" remote="318763443930775452" Dst="-1" /></dwsync>