<?xml version="1.0" encoding="utf-8" ?><dwsync><file name="3.png" server="caperemit.com/public_html/" local="3516899724" remote="318763443930547932" Dst="-1" /><file name="1.png" server="caperemit.com/public_html/" local="3516899144" remote="318763443930547932" Dst="-1" /><file name="2.png" server="caperemit.com/public_html/" local="3516899592" remote="318763443930547932" Dst="-1" /><file name="4.png" server="caperemit.com/public_html/" local="3516900054" remote="318763443930547932" Dst="-1" /><file name="5.png" server="caperemit.com/public_html/" local="3516900140" remote="318763443930547932" Dst="-1" /><file name="arrow-left.png" server="caperemit.com/public_html/" local="3516628724" remote="318763443930547932" Dst="-1" /><file name="arrow-right.png" server="caperemit.com/public_html/" local="3516628730" remote="318763443930547932" Dst="-1" /><file name="cloud.png" server="caperemit.com/public_html/" local="3516629304" remote="318763443930547932" Dst="-1" /><file name="bg.jpg" server="caperemit.com/public_html/" local="3518626778" remote="318763443930547932" Dst="-1" /><file name="logo.png" server="caperemit.com/public_html/" local="3517512314" remote="318763443930547932" Dst="-1" /><file name="pic1.png" server="caperemit.com/public_html/" local="3513690244" remote="318763443930547932" Dst="-1" /><file name="pic2.png" server="caperemit.com/public_html/" local="3516374232" remote="318763443930547932" Dst="-1" /><file name="pic3.jpg" server="caperemit.com/public_html/" local="3516731308" remote="318763443930547932" Dst="-1" /><file name="pic4.jpg" server="caperemit.com/public_html/" local="3517397956" remote="318763443930547932" Dst="-1" /><file name="1.png" server="caperemit.com/public_html/new/" local="3539010144" remote="318763443931927212" Dst="-1" /><file name="4.png" server="caperemit.com/public_html/new/" local="3516900054" remote="318763443931224972" Dst="-1" /><file name="2.png" server="caperemit.com/public_html/new/" local="3539010144" remote="318763443931927212" Dst="-1" /><file name="3.png" server="caperemit.com/public_html/new/" local="3516899724" remote="318763443931224972" Dst="-1" /><file name="5.png" server="caperemit.com/public_html/new/" local="3516900140" remote="318763443931224972" Dst="-1" /><file name="pic1.png" server="caperemit.com/public_html/new/" local="3513690244" remote="318763443931224972" Dst="-1" /><file name="arrow-right.png" server="caperemit.com/public_html/new/" local="3516628730" remote="318763443931224972" Dst="-1" /><file name="arrow-left.png" server="caperemit.com/public_html/new/" local="3516628724" remote="318763443931224972" Dst="-1" /><file name="bg.jpg" server="caperemit.com/public_html/new/" local="3518626778" remote="318763443931224972" Dst="-1" /><file name="cloud.png" server="caperemit.com/public_html/new/" local="3516629304" remote="318763443931224972" Dst="-1" /><file name="pic2.png" server="caperemit.com/public_html/new/" local="3516374232" remote="318763443931224972" Dst="-1" /><file name="logo.png" server="caperemit.com/public_html/new/" local="3517512314" remote="318763443931224972" Dst="-1" /><file name="pic3.jpg" server="caperemit.com/public_html/new/" local="3516731308" remote="318763443931224972" Dst="-1" /><file name="pic4.jpg" server="caperemit.com/public_html/new/" local="3517397956" remote="318763443931224972" Dst="-1" /></dwsync>