<?xml version="1.0" encoding="utf-8" ?><dwsync><file name="_all.css" server="caperemit.com/public_html/" local="3453539464" remote="318763443930547632" Dst="-1" /><file name="aero.css" server="caperemit.com/public_html/" local="3453539464" remote="318763443930547632" Dst="-1" /><file name="aero.png" server="caperemit.com/public_html/" local="3529986716" remote="318763443930547632" Dst="-1" /><file name="aero@2x.png" server="caperemit.com/public_html/" local="3529987992" remote="318763443930547632" Dst="-1" /><file name="blue@2x.png" server="caperemit.com/public_html/" local="3530146616" remote="318763443930547632" Dst="-1" /><file name="blue.css" server="caperemit.com/public_html/" local="3528997456" remote="318763443930547632" Dst="-1" /><file name="blue.png" server="caperemit.com/public_html/" local="3531233298" remote="318763443930547632" Dst="-1" /><file name="green.png" server="caperemit.com/public_html/" local="3529989534" remote="318763443930547692" Dst="-1" /><file name="green - Copy.css" server="caperemit.com/public_html/" local="3477686372" remote="318763443930547692" Dst="-1" /><file name="green.css" server="caperemit.com/public_html/" local="3480597426" remote="318763443930547692" Dst="-1" /><file name="green@2x.png" server="caperemit.com/public_html/" local="3529989468" remote="318763443930547692" Dst="-1" /><file name="grey.css" server="caperemit.com/public_html/" local="3453539464" remote="318763443930547692" Dst="-1" /><file name="grey.png" server="caperemit.com/public_html/" local="3531257102" remote="318763443930547692" Dst="-1" /><file name="grey@2x.png" server="caperemit.com/public_html/" local="3529989340" remote="318763443930547692" Dst="-1" /><file name="orange@2x.png" server="caperemit.com/public_html/" local="3529988764" remote="318763443930547692" Dst="-1" /><file name="orange.css" server="caperemit.com/public_html/" local="3453539464" remote="318763443930547692" Dst="-1" /><file name="orange.png" server="caperemit.com/public_html/" local="3529988858" remote="318763443930547692" Dst="-1" /><file name="pink@2x.png" server="caperemit.com/public_html/" local="3529988288" remote="318763443930547692" Dst="-1" /><file name="pink.css" server="caperemit.com/public_html/" local="3453539464" remote="318763443930547692" Dst="-1" /><file name="pink.png" server="caperemit.com/public_html/" local="3529988350" remote="318763443930547692" Dst="-1" /><file name="purple.css" server="caperemit.com/public_html/" local="3478887222" remote="318763443930547692" Dst="-1" /><file name="purple.png" server="caperemit.com/public_html/" local="3529989164" remote="318763443930547692" Dst="-1" /><file name="purple@2x.png" server="caperemit.com/public_html/" local="3529989258" remote="318763443930547692" Dst="-1" /><file name="red - Copy.css" server="caperemit.com/public_html/" local="3477688494" remote="318763443930547692" Dst="-1" /><file name="red.css" server="caperemit.com/public_html/" local="3477767108" remote="318763443930547692" Dst="-1" /><file name="red.png" server="caperemit.com/public_html/" local="3465242060" remote="318763443930547692" Dst="-1" /><file name="red@2x.png" server="caperemit.com/public_html/" local="3453539464" remote="318763443930547692" Dst="-1" /><file name="square.png" server="caperemit.com/public_html/" local="3453539464" remote="318763443930547692" Dst="-1" /><file name="square.css" server="caperemit.com/public_html/" local="3530195066" remote="318763443930547692" Dst="-1" /><file name="square@2x.png" server="caperemit.com/public_html/" local="3453539464" remote="318763443930547692" Dst="-1" /><file name="yellow.css" server="caperemit.com/public_html/" local="3453539464" remote="318763443930547692" Dst="-1" /><file name="yellow.png" server="caperemit.com/public_html/" local="3453539464" remote="318763443930547692" Dst="-1" /><file name="Thumbs.db" server="caperemit.com/public_html/" local="3531257964" remote="318763443930547692" Dst="-1" /><file name="yellow@2x.png" server="caperemit.com/public_html/" local="3453539464" remote="318763443930547692" Dst="-1" /><file name="blue.css" server="caperemit.com/public_html/new/" local="3528997456" remote="318763443930775332" Dst="-1" /><file name="square.css" server="caperemit.com/public_html/new/" local="3530195066" remote="318763443930775332" Dst="-1" /><file name="Thumbs.db" server="caperemit.com/public_html/new/" local="3531257964" remote="318763443930775332" Dst="-1" /><file name="aero.png" server="caperemit.com/public_html/new/" local="3529986716" remote="318763443930775332" Dst="-1" /><file name="aero@2x.png" server="caperemit.com/public_html/new/" local="3529987992" remote="318763443930775332" Dst="-1" /><file name="blue.png" server="caperemit.com/public_html/new/" local="3531233298" remote="318763443930775332" Dst="-1" /><file name="blue@2x.png" server="caperemit.com/public_html/new/" local="3530146616" remote="318763443930775332" Dst="-1" /><file name="green.png" server="caperemit.com/public_html/new/" local="3529989534" remote="318763443930775332" Dst="-1" /><file name="green@2x.png" server="caperemit.com/public_html/new/" local="3529989468" remote="318763443930775332" Dst="-1" /><file name="grey.png" server="caperemit.com/public_html/new/" local="3531257102" remote="318763443930775332" Dst="-1" /><file name="grey@2x.png" server="caperemit.com/public_html/new/" local="3529989340" remote="318763443930775332" Dst="-1" /><file name="orange.png" server="caperemit.com/public_html/new/" local="3529988858" remote="318763443930775332" Dst="-1" /><file name="orange@2x.png" server="caperemit.com/public_html/new/" local="3529988764" remote="318763443930775332" Dst="-1" /><file name="pink.png" server="caperemit.com/public_html/new/" local="3529988350" remote="318763443930775332" Dst="-1" /><file name="pink@2x.png" server="caperemit.com/public_html/new/" local="3529988288" remote="318763443930775332" Dst="-1" /><file name="purple.png" server="caperemit.com/public_html/new/" local="3529989164" remote="318763443930775332" Dst="-1" /><file name="purple@2x.png" server="caperemit.com/public_html/new/" local="3529989258" remote="318763443930775332" Dst="-1" /></dwsync>