<?xml version="1.0" encoding="utf-8" ?><dwsync><file name=".htaccess" server="caperemit.com/public_html/" local="3536595079" remote="318763443930198612" Dst="-1" /><file name="index.php" server="caperemit.com/public_html/" local="3536770913" remote="318763443930547872" Dst="-1" /><file name="pay-bills-2.html" server="caperemit.com/public_html/" local="3536342349" remote="318763443930547992" Dst="-1" /><file name="untitled.php" server="caperemit.com/public_html/" local="3537284047" remote="318763443930547992" Dst="-1" /><file name=".htaccess" server="caperemit.com/public_html/new/" local="3536595079" remote="318763443930775452" Dst="-1" /><file name="pay-bills-2.html" server="caperemit.com/public_html/new/" local="3540282098" remote="318763443933203472" Dst="-1" /><file name="index.php" server="caperemit.com/public_html/new/" local="3540284389" remote="318763443933203532" Dst="-1" /><file name="login.php" server="caperemit.com/public_html/new/" local="3540432758" remote="318763443933347412" Dst="-1" /><file name="register.php" server="caperemit.com/public_html/new/" local="3540282089" remote="318763443933203532" Dst="-1" /><file name="sendMoney.php" server="caperemit.com/public_html/new/" local="3540282314" remote="318763443933203532" Dst="-1" /><file name="untitled.php" server="caperemit.com/public_html/new/" local="3539189481" remote="318763443933203532" Dst="-1" /><file name="profile.php" server="caperemit.com/public_html/new/" local="3540412088" remote="318763443933341892" Dst="-1" /><file name="registration.html" server="caperemit.com/public_html/new/" local="3540282197" remote="318763443933203472" Dst="-1" /><file name="send-money.html" server="caperemit.com/public_html/new/" local="3540282198" remote="318763443933203472" Dst="-1" /><file name="myPayments.php" server="caperemit.com/public_html/new/" local="3540282089" remote="318763443933203532" Dst="-1" /><file name="viewRecipiets.php" server="caperemit.com/public_html/new/" local="3540402096" remote="318763443933325332" Dst="-1" /><file name="manageRecipient.php" server="caperemit.com/public_html/new/" local="3540282089" remote="318763443933203532" Dst="-1" /><file name="confirmation.php" server="caperemit.com/public_html/new/" local="3540282089" remote="318763443933203472" Dst="-1" /><file name="favicon.ico" server="caperemit.com/public_html/new/" local="3538343437" remote="318763443931263672" Dst="-1" /><file name="redirect.php" server="caperemit.com/public_html/new/" local="3538381600" remote="318763443931305552" Dst="-1" /><file name="response.php" server="caperemit.com/public_html/new/" local="3538404439" remote="318763443931318932" Dst="-1" /><file name="summary.php" server="caperemit.com/public_html/new/" local="3540282089" remote="318763443933203532" Dst="-1" /><file name="addRecipient.php" server="caperemit.com/public_html/new/" local="3540401211" remote="318763443933325332" Dst="-1" /><file name="changePassword.php" server="caperemit.com/public_html/new/" local="3540282089" remote="318763443933203472" Dst="-1" /><file name="myRecipientList.php" server="caperemit.com/public_html/new/" local="3540412472" remote="318763443933341892" Dst="-1" /><file name="sendReciept.php" server="caperemit.com/public_html/new/" local="3540282089" remote="318763443933203532" Dst="-1" /><file name="about-us.php" server="caperemit.com/public_html/new/" local="3540287812" remote="318763443933203472" Dst="-1" /><file name="affiliates-partners.php" server="caperemit.com/public_html/new/" local="3540287813" remote="318763443933203472" Dst="-1" /><file name="careers.php" server="caperemit.com/public_html/new/" local="3540287812" remote="318763443933203472" Dst="-1" /><file name="contact-us.php" server="caperemit.com/public_html/new/" local="3540427499" remote="318763443933342012" Dst="-1" /><file name="cookie-policy.php" server="caperemit.com/public_html/new/" local="3540287813" remote="318763443933203532" Dst="-1" /><file name="faq.php" server="caperemit.com/public_html/new/" local="3540287813" remote="318763443933203532" Dst="-1" /><file name="help.php" server="caperemit.com/public_html/new/" local="3540282400" remote="318763443933203532" Dst="-1" /><file name="how-it-works.php" server="caperemit.com/public_html/new/" local="3540287812" remote="318763443933203532" Dst="-1" /><file name="invite-friends.php" server="caperemit.com/public_html/new/" local="3540282098" remote="318763443933203532" Dst="-1" /><file name="news.php" server="caperemit.com/public_html/new/" local="3540287813" remote="318763443933203532" Dst="-1" /><file name="passwordReset.php" server="caperemit.com/public_html/new/" local="3540434593" remote="318763443933349092" Dst="-1" /><file name="pay-bills.php" server="caperemit.com/public_html/new/" local="3540282089" remote="318763443933203532" Dst="-1" /><file name="privacy-policy.php" server="caperemit.com/public_html/new/" local="3540287813" remote="318763443933203532" Dst="-1" /><file name="security.php" server="caperemit.com/public_html/new/" local="3540287813" remote="318763443933203532" Dst="-1" /><file name="send-mobile-airtime-2.php" server="caperemit.com/public_html/new/" local="3540282098" remote="318763443933203532" Dst="-1" /><file name="send-mobile-airtime.php" server="caperemit.com/public_html/new/" local="3540282098" remote="318763443933203532" Dst="-1" /><file name="terms-conditions.php" server="caperemit.com/public_html/new/" local="3540400681" remote="318763443933325332" Dst="-1" /></dwsync>