<?xml version="1.0" encoding="utf-8" ?><dwsync><file name="ad.gif" server="caperemit.com/public_html/" local="3208189500" remote="318763443930547692" Dst="-1" /><file name="ae.gif" server="caperemit.com/public_html/" local="3208189560" remote="318763443930547692" Dst="-1" /><file name="af.gif" server="caperemit.com/public_html/" local="3208189500" remote="318763443930547692" Dst="-1" /><file name="ag.gif" server="caperemit.com/public_html/" local="3208189500" remote="318763443930547692" Dst="-1" /><file name="am.gif" server="caperemit.com/public_html/" local="3208189500" remote="318763443930547692" Dst="-1" /><file name="ai.gif" server="caperemit.com/public_html/" local="3208189500" remote="318763443930547692" Dst="-1" /><file name="al.gif" server="caperemit.com/public_html/" local="3208189500" remote="318763443930547692" Dst="-1" /><file name="an.gif" server="caperemit.com/public_html/" local="3208189560" remote="318763443930547692" Dst="-1" /><file name="ao.gif" server="caperemit.com/public_html/" local="3253235602" remote="318763443930547692" Dst="-1" /><file name="ar.gif" server="caperemit.com/public_html/" local="3208189500" remote="318763443930547692" Dst="-1" /><file name="as.gif" server="caperemit.com/public_html/" local="3208189500" remote="318763443930547692" Dst="-1" /><file name="at.gif" server="caperemit.com/public_html/" local="3208189500" remote="318763443930547692" Dst="-1" /><file name="au.gif" server="caperemit.com/public_html/" local="3208189500" remote="318763443930547692" Dst="-1" /><file name="aw.gif" server="caperemit.com/public_html/" local="3208189500" remote="318763443930547692" Dst="-1" /><file name="ax.gif" server="caperemit.com/public_html/" local="3208189500" remote="318763443930547692" Dst="-1" /><file name="az.gif" server="caperemit.com/public_html/" local="3208189500" remote="318763443930547692" Dst="-1" /><file name="ba.gif" server="caperemit.com/public_html/" local="3208189500" remote="318763443930547692" Dst="-1" /><file name="bb.gif" server="caperemit.com/public_html/" local="3208189500" remote="318763443930547692" Dst="-1" /><file name="bd.gif" server="caperemit.com/public_html/" local="3208189500" remote="318763443930547692" Dst="-1" /><file name="be.gif" server="caperemit.com/public_html/" local="3208189500" remote="318763443930547692" Dst="-1" /><file name="bf.gif" server="caperemit.com/public_html/" local="3208189500" remote="318763443930547692" Dst="-1" /><file name="bg.gif" server="caperemit.com/public_html/" local="3208189500" remote="318763443930547692" Dst="-1" /><file name="bh.gif" server="caperemit.com/public_html/" local="3208189500" remote="318763443930547692" Dst="-1" /><file name="bi.gif" server="caperemit.com/public_html/" local="3208189500" remote="318763443930547692" Dst="-1" /><file name="bj.gif" server="caperemit.com/public_html/" local="3208189500" remote="318763443930547692" Dst="-1" /><file name="bm.gif" server="caperemit.com/public_html/" local="3208189500" remote="318763443930547692" Dst="-1" /><file name="bn.gif" server="caperemit.com/public_html/" local="3208189500" remote="318763443930547692" Dst="-1" /><file name="bo.gif" server="caperemit.com/public_html/" local="3208189500" remote="318763443930547692" Dst="-1" /><file name="br.gif" server="caperemit.com/public_html/" local="3208189500" remote="318763443930547692" Dst="-1" /><file name="bs.gif" server="caperemit.com/public_html/" local="3208189500" remote="318763443930547692" Dst="-1" /><file name="bt.gif" server="caperemit.com/public_html/" local="3208189500" remote="318763443930547752" Dst="-1" /><file name="bv.gif" server="caperemit.com/public_html/" local="3208189500" remote="318763443930547752" Dst="-1" /><file name="bw.gif" server="caperemit.com/public_html/" local="3208189500" remote="318763443930547752" Dst="-1" /><file name="by.gif" server="caperemit.com/public_html/" local="3208189500" remote="318763443930547752" Dst="-1" /><file name="bz.gif" server="caperemit.com/public_html/" local="3208189500" remote="318763443930547752" Dst="-1" /><file name="ca.gif" server="caperemit.com/public_html/" local="3208189500" remote="318763443930547752" Dst="-1" /><file name="catalonia.gif" server="caperemit.com/public_html/" local="3253233586" remote="318763443930547752" Dst="-1" /><file name="cc.gif" server="caperemit.com/public_html/" local="3208189500" remote="318763443930547752" Dst="-1" /><file name="cd.gif" server="caperemit.com/public_html/" local="3253234050" remote="318763443930547752" Dst="-1" /><file name="cf.gif" server="caperemit.com/public_html/" local="3208189500" remote="318763443930547752" Dst="-1" /><file name="cg.gif" server="caperemit.com/public_html/" local="3208189500" remote="318763443930547752" Dst="-1" /><file name="ch.gif" server="caperemit.com/public_html/" local="3208189500" remote="318763443930547752" Dst="-1" /><file name="ci.gif" server="caperemit.com/public_html/" local="3208189500" remote="318763443930547752" Dst="-1" /><file name="ck.gif" server="caperemit.com/public_html/" local="3208189500" remote="318763443930547752" Dst="-1" /><file name="cl.gif" server="caperemit.com/public_html/" local="3208189500" remote="318763443930547752" Dst="-1" /><file name="cm.gif" server="caperemit.com/public_html/" local="3208189500" remote="318763443930547752" Dst="-1" /><file name="cn.gif" server="caperemit.com/public_html/" local="3208189500" remote="318763443930547752" Dst="-1" /><file name="co.gif" server="caperemit.com/public_html/" local="3208189500" remote="318763443930547752" Dst="-1" /><file name="cr.gif" server="caperemit.com/public_html/" local="3208189500" remote="318763443930547752" Dst="-1" /><file name="cs.gif" server="caperemit.com/public_html/" local="3208189500" remote="318763443930547752" Dst="-1" /><file name="cu.gif" server="caperemit.com/public_html/" local="3208189500" remote="318763443930547752" Dst="-1" /><file name="cv.gif" server="caperemit.com/public_html/" local="3208189500" remote="318763443930547752" Dst="-1" /><file name="cx.gif" server="caperemit.com/public_html/" local="3208189500" remote="318763443930547752" Dst="-1" /><file name="cy.gif" server="caperemit.com/public_html/" local="3208189500" remote="318763443930547752" Dst="-1" /><file name="cz.gif" server="caperemit.com/public_html/" local="3208189500" remote="318763443930547752" Dst="-1" /><file name="de.gif" server="caperemit.com/public_html/" local="3208189500" remote="318763443930547752" Dst="-1" /><file name="dj.gif" server="caperemit.com/public_html/" local="3208189500" remote="318763443930547752" Dst="-1" /><file name="dk.gif" server="caperemit.com/public_html/" local="3208189500" remote="318763443930547752" Dst="-1" /><file name="dm.gif" server="caperemit.com/public_html/" local="3208189500" remote="318763443930547752" Dst="-1" /><file name="do.gif" server="caperemit.com/public_html/" local="3208189500" remote="318763443930547752" Dst="-1" /><file name="dz.gif" server="caperemit.com/public_html/" local="3208189500" remote="318763443930547752" Dst="-1" /><file name="ec.gif" server="caperemit.com/public_html/" local="3208189500" remote="318763443930547752" Dst="-1" /><file name="ee.gif" server="caperemit.com/public_html/" local="3208189500" remote="318763443930547752" Dst="-1" /><file name="eg.gif" server="caperemit.com/public_html/" local="3208189500" remote="318763443930547752" Dst="-1" /><file name="eh.gif" server="caperemit.com/public_html/" local="3208189500" remote="318763443930547752" Dst="-1" /><file name="england.gif" server="caperemit.com/public_html/" local="3208189380" remote="318763443930547752" Dst="-1" /><file name="er.gif" server="caperemit.com/public_html/" local="3208189500" remote="318763443930547752" Dst="-1" /><file name="es.gif" server="caperemit.com/public_html/" local="3208189500" remote="318763443930547752" Dst="-1" /><file name="et.gif" server="caperemit.com/public_html/" local="3208189500" remote="318763443930547752" Dst="-1" /><file name="europeanunion.gif" server="caperemit.com/public_html/" local="3253233546" remote="318763443930547752" Dst="-1" /><file name="fam.gif" server="caperemit.com/public_html/" local="3208189380" remote="318763443930547752" Dst="-1" /><file name="fi.gif" server="caperemit.com/public_html/" local="3208189500" remote="318763443930547752" Dst="-1" /><file name="fj.gif" server="caperemit.com/public_html/" local="3208189500" remote="318763443930547752" Dst="-1" /><file name="fk.gif" server="caperemit.com/public_html/" local="3208189500" remote="318763443930547752" Dst="-1" /><file name="fm.gif" server="caperemit.com/public_html/" local="3208189500" remote="318763443930547752" Dst="-1" /><file name="fo.gif" server="caperemit.com/public_html/" local="3208189500" remote="318763443930547752" Dst="-1" /><file name="fr.gif" server="caperemit.com/public_html/" local="3208189500" remote="318763443930547752" Dst="-1" /><file name="ga.gif" server="caperemit.com/public_html/" local="3208189500" remote="318763443930547752" Dst="-1" /><file name="gb.gif" server="caperemit.com/public_html/" local="3253234826" remote="318763443930547752" Dst="-1" /><file name="gbp.png" server="caperemit.com/public_html/" local="3528925648" remote="318763443930547752" Dst="-1" /><file name="gd.gif" server="caperemit.com/public_html/" local="3208189500" remote="318763443930547752" Dst="-1" /><file name="ge.gif" server="caperemit.com/public_html/" local="3208189500" remote="318763443930547752" Dst="-1" /><file name="gf.gif" server="caperemit.com/public_html/" local="3208189500" remote="318763443930547752" Dst="-1" /><file name="gh.gif" server="caperemit.com/public_html/" local="3208189500" remote="318763443930547752" Dst="-1" /><file name="gi.gif" server="caperemit.com/public_html/" local="3208189500" remote="318763443930547752" Dst="-1" /><file name="gl.gif" server="caperemit.com/public_html/" local="3208189500" remote="318763443930547752" Dst="-1" /><file name="gm.gif" server="caperemit.com/public_html/" local="3208189500" remote="318763443930547752" Dst="-1" /><file name="gn.gif" server="caperemit.com/public_html/" local="3208189500" remote="318763443930547752" Dst="-1" /><file name="gp.gif" server="caperemit.com/public_html/" local="3208189500" remote="318763443930547752" Dst="-1" /><file name="gq.gif" server="caperemit.com/public_html/" local="3208189500" remote="318763443930547752" Dst="-1" /><file name="gr.gif" server="caperemit.com/public_html/" local="3208189500" remote="318763443930547752" Dst="-1" /><file name="gs.gif" server="caperemit.com/public_html/" local="3208189500" remote="318763443930547752" Dst="-1" /><file name="gt.gif" server="caperemit.com/public_html/" local="3208189500" remote="318763443930547752" Dst="-1" /><file name="gu.gif" server="caperemit.com/public_html/" local="3208189500" remote="318763443930547752" Dst="-1" /><file name="gw.gif" server="caperemit.com/public_html/" local="3208189500" remote="318763443930547752" Dst="-1" /><file name="gy.gif" server="caperemit.com/public_html/" local="3208189500" remote="318763443930547752" Dst="-1" /><file name="hk.gif" server="caperemit.com/public_html/" local="3208189500" remote="318763443930547752" Dst="-1" /><file name="hm.gif" server="caperemit.com/public_html/" local="3208189500" remote="318763443930547752" Dst="-1" /><file name="hn.gif" server="caperemit.com/public_html/" local="3208189500" remote="318763443930547752" Dst="-1" /><file name="hr.gif" server="caperemit.com/public_html/" local="3208189440" remote="318763443930547752" Dst="-1" /><file name="ht.gif" server="caperemit.com/public_html/" local="3208189440" remote="318763443930547752" Dst="-1" /><file name="hu.gif" server="caperemit.com/public_html/" local="3208189500" remote="318763443930547752" Dst="-1" /><file name="id.gif" server="caperemit.com/public_html/" local="3208189440" remote="318763443930547752" Dst="-1" /><file name="ie.gif" server="caperemit.com/public_html/" local="3208189440" remote="318763443930547752" Dst="-1" /><file name="il.gif" server="caperemit.com/public_html/" local="3208189440" remote="318763443930547752" Dst="-1" /><file name="in.gif" server="caperemit.com/public_html/" local="3208189440" remote="318763443930547752" Dst="-1" /><file name="io.gif" server="caperemit.com/public_html/" local="3208189440" remote="318763443930547752" Dst="-1" /><file name="iq.gif" server="caperemit.com/public_html/" local="3208189440" remote="318763443930547752" Dst="-1" /><file name="ir.gif" server="caperemit.com/public_html/" local="3208189440" remote="318763443930547752" Dst="-1" /><file name="is.gif" server="caperemit.com/public_html/" local="3208189440" remote="318763443930547752" Dst="-1" /><file name="it.gif" server="caperemit.com/public_html/" local="3208189440" remote="318763443930547752" Dst="-1" /><file name="jm.gif" server="caperemit.com/public_html/" local="3208189440" remote="318763443930547752" Dst="-1" /><file name="jo.gif" server="caperemit.com/public_html/" local="3208189440" remote="318763443930547752" Dst="-1" /><file name="jp.gif" server="caperemit.com/public_html/" local="3208189440" remote="318763443930547752" Dst="-1" /><file name="ke.gif" server="caperemit.com/public_html/" local="3208189440" remote="318763443930547752" Dst="-1" /><file name="kg.gif" server="caperemit.com/public_html/" local="3208189440" remote="318763443930547752" Dst="-1" /><file name="kh.gif" server="caperemit.com/public_html/" local="3208189440" remote="318763443930547752" Dst="-1" /><file name="ki.gif" server="caperemit.com/public_html/" local="3208189440" remote="318763443930547752" Dst="-1" /><file name="km.gif" server="caperemit.com/public_html/" local="3208189440" remote="318763443930547752" Dst="-1" /><file name="kn.gif" server="caperemit.com/public_html/" local="3208189440" remote="318763443930547752" Dst="-1" /><file name="kp.gif" server="caperemit.com/public_html/" local="3208189440" remote="318763443930547752" Dst="-1" /><file name="kr.gif" server="caperemit.com/public_html/" local="3208189440" remote="318763443930547752" Dst="-1" /><file name="kw.gif" server="caperemit.com/public_html/" local="3208189440" remote="318763443930547752" Dst="-1" /><file name="ky.gif" server="caperemit.com/public_html/" local="3208189440" remote="318763443930547752" Dst="-1" /><file name="kz.gif" server="caperemit.com/public_html/" local="3208189440" remote="318763443930547752" Dst="-1" /><file name="la.gif" server="caperemit.com/public_html/" local="3208189440" remote="318763443930547752" Dst="-1" /><file name="lb.gif" server="caperemit.com/public_html/" local="3208189440" remote="318763443930547752" Dst="-1" /><file name="lc.gif" server="caperemit.com/public_html/" local="3253233904" remote="318763443930547752" Dst="-1" /><file name="li.gif" server="caperemit.com/public_html/" local="3208189440" remote="318763443930547752" Dst="-1" /><file name="lk.gif" server="caperemit.com/public_html/" local="3208189440" remote="318763443930547752" Dst="-1" /><file name="lr.gif" server="caperemit.com/public_html/" local="3208189440" remote="318763443930547752" Dst="-1" /><file name="ls.gif" server="caperemit.com/public_html/" local="3208189440" remote="318763443930547752" Dst="-1" /><file name="lt.gif" server="caperemit.com/public_html/" local="3208189440" remote="318763443930547752" Dst="-1" /><file name="lu.gif" server="caperemit.com/public_html/" local="3208189440" remote="318763443930547752" Dst="-1" /><file name="lv.gif" server="caperemit.com/public_html/" local="3208189440" remote="318763443930547752" Dst="-1" /><file name="ly.gif" server="caperemit.com/public_html/" local="3208189440" remote="318763443930547752" Dst="-1" /><file name="ma.gif" server="caperemit.com/public_html/" local="3208189440" remote="318763443930547752" Dst="-1" /><file name="mc.gif" server="caperemit.com/public_html/" local="3208189440" remote="318763443930547752" Dst="-1" /><file name="md.gif" server="caperemit.com/public_html/" local="3208189440" remote="318763443930547752" Dst="-1" /><file name="me.gif" server="caperemit.com/public_html/" local="3253233688" remote="318763443930547752" Dst="-1" /><file name="mg.gif" server="caperemit.com/public_html/" local="3208189440" remote="318763443930547752" Dst="-1" /><file name="mh.gif" server="caperemit.com/public_html/" local="3208189440" remote="318763443930547752" Dst="-1" /><file name="mk.gif" server="caperemit.com/public_html/" local="3208189440" remote="318763443930547752" Dst="-1" /><file name="ml.gif" server="caperemit.com/public_html/" local="3208189440" remote="318763443930547752" Dst="-1" /><file name="mm.gif" server="caperemit.com/public_html/" local="3208189440" remote="318763443930547752" Dst="-1" /><file name="mn.gif" server="caperemit.com/public_html/" local="3208189440" remote="318763443930547752" Dst="-1" /><file name="mo.gif" server="caperemit.com/public_html/" local="3208189440" remote="318763443930547752" Dst="-1" /><file name="mp.gif" server="caperemit.com/public_html/" local="3208189440" remote="318763443930547752" Dst="-1" /><file name="mq.gif" server="caperemit.com/public_html/" local="3208189440" remote="318763443930547752" Dst="-1" /><file name="mr.gif" server="caperemit.com/public_html/" local="3208189440" remote="318763443930547752" Dst="-1" /><file name="ms.gif" server="caperemit.com/public_html/" local="3208189440" remote="318763443930547752" Dst="-1" /><file name="mt.gif" server="caperemit.com/public_html/" local="3208189440" remote="318763443930547752" Dst="-1" /><file name="mu.gif" server="caperemit.com/public_html/" local="3208189440" remote="318763443930547752" Dst="-1" /><file name="mv.gif" server="caperemit.com/public_html/" local="3208189440" remote="318763443930547752" Dst="-1" /><file name="mw.gif" server="caperemit.com/public_html/" local="3208189440" remote="318763443930547752" Dst="-1" /><file name="mx.gif" server="caperemit.com/public_html/" local="3208189440" remote="318763443930547812" Dst="-1" /><file name="my.gif" server="caperemit.com/public_html/" local="3208189440" remote="318763443930547812" Dst="-1" /><file name="mz.gif" server="caperemit.com/public_html/" local="3208189440" remote="318763443930547812" Dst="-1" /><file name="na.gif" server="caperemit.com/public_html/" local="3208189440" remote="318763443930547812" Dst="-1" /><file name="nc.gif" server="caperemit.com/public_html/" local="3208189440" remote="318763443930547812" Dst="-1" /><file name="ne.gif" server="caperemit.com/public_html/" local="3208189440" remote="318763443930547812" Dst="-1" /><file name="nf.gif" server="caperemit.com/public_html/" local="3208189440" remote="318763443930547812" Dst="-1" /><file name="ng.gif" server="caperemit.com/public_html/" local="3208189440" remote="318763443930547812" Dst="-1" /><file name="ni.gif" server="caperemit.com/public_html/" local="3208189440" remote="318763443930547812" Dst="-1" /><file name="nl.gif" server="caperemit.com/public_html/" local="3208189440" remote="318763443930547812" Dst="-1" /><file name="no.gif" server="caperemit.com/public_html/" local="3208189440" remote="318763443930547812" Dst="-1" /><file name="np.gif" server="caperemit.com/public_html/" local="3208189440" remote="318763443930547812" Dst="-1" /><file name="nr.gif" server="caperemit.com/public_html/" local="3208189440" remote="318763443930547812" Dst="-1" /><file name="nu.gif" server="caperemit.com/public_html/" local="3208189440" remote="318763443930547812" Dst="-1" /><file name="nz.gif" server="caperemit.com/public_html/" local="3208189440" remote="318763443930547812" Dst="-1" /><file name="om.gif" server="caperemit.com/public_html/" local="3208189440" remote="318763443930547812" Dst="-1" /><file name="pa.gif" server="caperemit.com/public_html/" local="3208189440" remote="318763443930547812" Dst="-1" /><file name="pe.gif" server="caperemit.com/public_html/" local="3208189440" remote="318763443930547812" Dst="-1" /><file name="pf.gif" server="caperemit.com/public_html/" local="3208189440" remote="318763443930547812" Dst="-1" /><file name="pg.gif" server="caperemit.com/public_html/" local="3208189440" remote="318763443930547812" Dst="-1" /><file name="ph.gif" server="caperemit.com/public_html/" local="3208189440" remote="318763443930547812" Dst="-1" /><file name="pk.gif" server="caperemit.com/public_html/" local="3208189440" remote="318763443930547812" Dst="-1" /><file name="pl.gif" server="caperemit.com/public_html/" local="3208189440" remote="318763443930547812" Dst="-1" /><file name="pm.gif" server="caperemit.com/public_html/" local="3208189440" remote="318763443930547812" Dst="-1" /><file name="pn.gif" server="caperemit.com/public_html/" local="3208189440" remote="318763443930547812" Dst="-1" /><file name="pr.gif" server="caperemit.com/public_html/" local="3208189440" remote="318763443930547812" Dst="-1" /><file name="ps.gif" server="caperemit.com/public_html/" local="3208189440" remote="318763443930547812" Dst="-1" /><file name="pt.gif" server="caperemit.com/public_html/" local="3208189440" remote="318763443930547812" Dst="-1" /><file name="pw.gif" server="caperemit.com/public_html/" local="3208189440" remote="318763443930547812" Dst="-1" /><file name="py.gif" server="caperemit.com/public_html/" local="3208189440" remote="318763443930547812" Dst="-1" /><file name="qa.gif" server="caperemit.com/public_html/" local="3208189440" remote="318763443930547812" Dst="-1" /><file name="re.gif" server="caperemit.com/public_html/" local="3208189500" remote="318763443930547812" Dst="-1" /><file name="ro.gif" server="caperemit.com/public_html/" local="3208189440" remote="318763443930547812" Dst="-1" /><file name="rs.gif" server="caperemit.com/public_html/" local="3253233634" remote="318763443930547812" Dst="-1" /><file name="ru.gif" server="caperemit.com/public_html/" local="3208189440" remote="318763443930547812" Dst="-1" /><file name="rw.gif" server="caperemit.com/public_html/" local="3208189440" remote="318763443930547812" Dst="-1" /><file name="sa.gif" server="caperemit.com/public_html/" local="3208189380" remote="318763443930547812" Dst="-1" /><file name="sb.gif" server="caperemit.com/public_html/" local="3208189380" remote="318763443930547812" Dst="-1" /><file name="sc.gif" server="caperemit.com/public_html/" local="3208189380" remote="318763443930547812" Dst="-1" /><file name="scotland.gif" server="caperemit.com/public_html/" local="3208189380" remote="318763443930547812" Dst="-1" /><file name="sd.gif" server="caperemit.com/public_html/" local="3208189380" remote="318763443930547812" Dst="-1" /><file name="se.gif" server="caperemit.com/public_html/" local="3208189440" remote="318763443930547812" Dst="-1" /><file name="sg.gif" server="caperemit.com/public_html/" local="3208189380" remote="318763443930547812" Dst="-1" /><file name="sh.gif" server="caperemit.com/public_html/" local="3208189380" remote="318763443930547812" Dst="-1" /><file name="si.gif" server="caperemit.com/public_html/" local="3208189380" remote="318763443930547812" Dst="-1" /><file name="sj.gif" server="caperemit.com/public_html/" local="3208189440" remote="318763443930547812" Dst="-1" /><file name="sk.gif" server="caperemit.com/public_html/" local="3208189380" remote="318763443930547812" Dst="-1" /><file name="sl.gif" server="caperemit.com/public_html/" local="3208189380" remote="318763443930547812" Dst="-1" /><file name="sm.gif" server="caperemit.com/public_html/" local="3208189380" remote="318763443930547812" Dst="-1" /><file name="sn.gif" server="caperemit.com/public_html/" local="3208189380" remote="318763443930547812" Dst="-1" /><file name="so.gif" server="caperemit.com/public_html/" local="3208189380" remote="318763443930547812" Dst="-1" /><file name="sr.gif" server="caperemit.com/public_html/" local="3208189380" remote="318763443930547812" Dst="-1" /><file name="st.gif" server="caperemit.com/public_html/" local="3208189380" remote="318763443930547812" Dst="-1" /><file name="sv.gif" server="caperemit.com/public_html/" local="3208189380" remote="318763443930547812" Dst="-1" /><file name="sy.gif" server="caperemit.com/public_html/" local="3208189440" remote="318763443930547812" Dst="-1" /><file name="sz.gif" server="caperemit.com/public_html/" local="3208189440" remote="318763443930547812" Dst="-1" /><file name="tc.gif" server="caperemit.com/public_html/" local="3208189380" remote="318763443930547812" Dst="-1" /><file name="td.gif" server="caperemit.com/public_html/" local="3208189380" remote="318763443930547812" Dst="-1" /><file name="tf.gif" server="caperemit.com/public_html/" local="3208189380" remote="318763443930547812" Dst="-1" /><file name="tg.gif" server="caperemit.com/public_html/" local="3208189380" remote="318763443930547812" Dst="-1" /><file name="th.gif" server="caperemit.com/public_html/" local="3208189380" remote="318763443930547812" Dst="-1" /><file name="tj.gif" server="caperemit.com/public_html/" local="3208189380" remote="318763443930547812" Dst="-1" /><file name="tk.gif" server="caperemit.com/public_html/" local="3208189380" remote="318763443930547812" Dst="-1" /><file name="tm.gif" server="caperemit.com/public_html/" local="3208189380" remote="318763443930547812" Dst="-1" /><file name="tl.gif" server="caperemit.com/public_html/" local="3208189380" remote="318763443930547812" Dst="-1" /><file name="to.gif" server="caperemit.com/public_html/" local="3208189380" remote="318763443930547812" Dst="-1" /><file name="tn.gif" server="caperemit.com/public_html/" local="3208189380" remote="318763443930547812" Dst="-1" /><file name="Thumbs.db" server="caperemit.com/public_html/" local="3531878120" remote="318763443930547812" Dst="-1" /><file name="tr.gif" server="caperemit.com/public_html/" local="3208189380" remote="318763443930547812" Dst="-1" /><file name="tt.gif" server="caperemit.com/public_html/" local="3208189380" remote="318763443930547812" Dst="-1" /><file name="tv.gif" server="caperemit.com/public_html/" local="3208189380" remote="318763443930547812" Dst="-1" /><file name="tw.gif" server="caperemit.com/public_html/" local="3208189380" remote="318763443930547812" Dst="-1" /><file name="tz.gif" server="caperemit.com/public_html/" local="3208189380" remote="318763443930547812" Dst="-1" /><file name="ua.gif" server="caperemit.com/public_html/" local="3208189380" remote="318763443930547812" Dst="-1" /><file name="um.gif" server="caperemit.com/public_html/" local="3208189380" remote="318763443930547812" Dst="-1" /><file name="ug.gif" server="caperemit.com/public_html/" local="3208189380" remote="318763443930547812" Dst="-1" /><file name="uz.gif" server="caperemit.com/public_html/" local="3208189380" remote="318763443930547812" Dst="-1" /><file name="us.gif" server="caperemit.com/public_html/" local="3208189380" remote="318763443930547812" Dst="-1" /><file name="uy.gif" server="caperemit.com/public_html/" local="3208189380" remote="318763443930547812" Dst="-1" /><file name="va.gif" server="caperemit.com/public_html/" local="3208189380" remote="318763443930547812" Dst="-1" /><file name="vc.gif" server="caperemit.com/public_html/" local="3208189380" remote="318763443930547812" Dst="-1" /><file name="ve.gif" server="caperemit.com/public_html/" local="3208189380" remote="318763443930547812" Dst="-1" /><file name="vg.gif" server="caperemit.com/public_html/" local="3208189380" remote="318763443930547812" Dst="-1" /><file name="vi.gif" server="caperemit.com/public_html/" local="3208189380" remote="318763443930547812" Dst="-1" /><file name="vn.gif" server="caperemit.com/public_html/" local="3208189380" remote="318763443930547812" Dst="-1" /><file name="vu.gif" server="caperemit.com/public_html/" local="3208189380" remote="318763443930547812" Dst="-1" /><file name="wales.gif" server="caperemit.com/public_html/" local="3208189380" remote="318763443930547812" Dst="-1" /><file name="wf.gif" server="caperemit.com/public_html/" local="3208189380" remote="318763443930547812" Dst="-1" /><file name="ws.gif" server="caperemit.com/public_html/" local="3208189380" remote="318763443930547812" Dst="-1" /><file name="ye.gif" server="caperemit.com/public_html/" local="3208189380" remote="318763443930547812" Dst="-1" /><file name="yt.gif" server="caperemit.com/public_html/" local="3208189380" remote="318763443930547812" Dst="-1" /><file name="za.gif" server="caperemit.com/public_html/" local="3208189380" remote="318763443930547812" Dst="-1" /><file name="zm.gif" server="caperemit.com/public_html/" local="3208189380" remote="318763443930547812" Dst="-1" /><file name="zw.gif" server="caperemit.com/public_html/" local="3208189380" remote="318763443930547812" Dst="-1" /><file name="Thumbs.db" server="caperemit.com/public_html/new/" local="3531878120" remote="318763443930775332" Dst="-1" /><file name="gbp.png" server="caperemit.com/public_html/new/" local="3528925648" remote="318763443930775332" Dst="-1" /><file name="ad.gif" server="caperemit.com/public_html/new/" local="3208189500" remote="318763443933230952" Dst="-1" /><file name="ae.gif" server="caperemit.com/public_html/new/" local="3208189560" remote="318763443933230952" Dst="-1" /><file name="ag.gif" server="caperemit.com/public_html/new/" local="3208189500" remote="318763443933230952" Dst="-1" /><file name="ai.gif" server="caperemit.com/public_html/new/" local="3208189500" remote="318763443933230952" Dst="-1" /><file name="al.gif" server="caperemit.com/public_html/new/" local="3208189500" remote="318763443933230952" Dst="-1" /><file name="af.gif" server="caperemit.com/public_html/new/" local="3208189500" remote="318763443933230952" Dst="-1" /><file name="am.gif" server="caperemit.com/public_html/new/" local="3208189500" remote="318763443933230952" Dst="-1" /><file name="an.gif" server="caperemit.com/public_html/new/" local="3208189560" remote="318763443933230952" Dst="-1" /><file name="ao.gif" server="caperemit.com/public_html/new/" local="3253235602" remote="318763443933230952" Dst="-1" /><file name="ar.gif" server="caperemit.com/public_html/new/" local="3208189500" remote="318763443933230952" Dst="-1" /><file name="as.gif" server="caperemit.com/public_html/new/" local="3208189500" remote="318763443933230952" Dst="-1" /><file name="at.gif" server="caperemit.com/public_html/new/" local="3208189500" remote="318763443933230952" Dst="-1" /><file name="au.gif" server="caperemit.com/public_html/new/" local="3208189500" remote="318763443933230952" Dst="-1" /><file name="aw.gif" server="caperemit.com/public_html/new/" local="3208189500" remote="318763443933230952" Dst="-1" /><file name="ax.gif" server="caperemit.com/public_html/new/" local="3208189500" remote="318763443933230952" Dst="-1" /><file name="az.gif" server="caperemit.com/public_html/new/" local="3208189500" remote="318763443933230952" Dst="-1" /><file name="ba.gif" server="caperemit.com/public_html/new/" local="3208189500" remote="318763443933230952" Dst="-1" /><file name="bb.gif" server="caperemit.com/public_html/new/" local="3208189500" remote="318763443933230952" Dst="-1" /><file name="bd.gif" server="caperemit.com/public_html/new/" local="3208189500" remote="318763443933231012" Dst="-1" /><file name="be.gif" server="caperemit.com/public_html/new/" local="3208189500" remote="318763443933231012" Dst="-1" /><file name="bf.gif" server="caperemit.com/public_html/new/" local="3208189500" remote="318763443933231012" Dst="-1" /><file name="bg.gif" server="caperemit.com/public_html/new/" local="3208189500" remote="318763443933231012" Dst="-1" /><file name="bh.gif" server="caperemit.com/public_html/new/" local="3208189500" remote="318763443933231012" Dst="-1" /><file name="bi.gif" server="caperemit.com/public_html/new/" local="3208189500" remote="318763443933231012" Dst="-1" /><file name="bj.gif" server="caperemit.com/public_html/new/" local="3208189500" remote="318763443933231012" Dst="-1" /><file name="bm.gif" server="caperemit.com/public_html/new/" local="3208189500" remote="318763443933231012" Dst="-1" /><file name="bn.gif" server="caperemit.com/public_html/new/" local="3208189500" remote="318763443933231012" Dst="-1" /><file name="bo.gif" server="caperemit.com/public_html/new/" local="3208189500" remote="318763443933231012" Dst="-1" /><file name="br.gif" server="caperemit.com/public_html/new/" local="3208189500" remote="318763443933231012" Dst="-1" /><file name="bs.gif" server="caperemit.com/public_html/new/" local="3208189500" remote="318763443933231012" Dst="-1" /><file name="bt.gif" server="caperemit.com/public_html/new/" local="3208189500" remote="318763443933231012" Dst="-1" /><file name="bv.gif" server="caperemit.com/public_html/new/" local="3208189500" remote="318763443933231012" Dst="-1" /><file name="bw.gif" server="caperemit.com/public_html/new/" local="3208189500" remote="318763443933231012" Dst="-1" /><file name="by.gif" server="caperemit.com/public_html/new/" local="3208189500" remote="318763443933231012" Dst="-1" /><file name="bz.gif" server="caperemit.com/public_html/new/" local="3208189500" remote="318763443933231012" Dst="-1" /><file name="ca.gif" server="caperemit.com/public_html/new/" local="3208189500" remote="318763443933231012" Dst="-1" /><file name="catalonia.gif" server="caperemit.com/public_html/new/" local="3253233586" remote="318763443933231012" Dst="-1" /><file name="cd.gif" server="caperemit.com/public_html/new/" local="3253234050" remote="318763443933231012" Dst="-1" /><file name="cc.gif" server="caperemit.com/public_html/new/" local="3208189500" remote="318763443933231012" Dst="-1" /><file name="cf.gif" server="caperemit.com/public_html/new/" local="3208189500" remote="318763443933231012" Dst="-1" /><file name="cg.gif" server="caperemit.com/public_html/new/" local="3208189500" remote="318763443933231012" Dst="-1" /><file name="ch.gif" server="caperemit.com/public_html/new/" local="3208189500" remote="318763443933231012" Dst="-1" /><file name="ci.gif" server="caperemit.com/public_html/new/" local="3208189500" remote="318763443933231012" Dst="-1" /><file name="ck.gif" server="caperemit.com/public_html/new/" local="3208189500" remote="318763443933231012" Dst="-1" /><file name="cl.gif" server="caperemit.com/public_html/new/" local="3208189500" remote="318763443933231012" Dst="-1" /><file name="cm.gif" server="caperemit.com/public_html/new/" local="3208189500" remote="318763443933231012" Dst="-1" /><file name="cn.gif" server="caperemit.com/public_html/new/" local="3208189500" remote="318763443933231012" Dst="-1" /><file name="co.gif" server="caperemit.com/public_html/new/" local="3208189500" remote="318763443933231012" Dst="-1" /><file name="cr.gif" server="caperemit.com/public_html/new/" local="3208189500" remote="318763443933231012" Dst="-1" /><file name="cs.gif" server="caperemit.com/public_html/new/" local="3208189500" remote="318763443933231012" Dst="-1" /><file name="cu.gif" server="caperemit.com/public_html/new/" local="3208189500" remote="318763443933231012" Dst="-1" /><file name="cv.gif" server="caperemit.com/public_html/new/" local="3208189500" remote="318763443933231012" Dst="-1" /><file name="cx.gif" server="caperemit.com/public_html/new/" local="3208189500" remote="318763443933231012" Dst="-1" /><file name="cy.gif" server="caperemit.com/public_html/new/" local="3208189500" remote="318763443933231012" Dst="-1" /><file name="cz.gif" server="caperemit.com/public_html/new/" local="3208189500" remote="318763443933231012" Dst="-1" /><file name="de.gif" server="caperemit.com/public_html/new/" local="3208189500" remote="318763443933231012" Dst="-1" /><file name="dj.gif" server="caperemit.com/public_html/new/" local="3208189500" remote="318763443933231012" Dst="-1" /><file name="dk.gif" server="caperemit.com/public_html/new/" local="3208189500" remote="318763443933231012" Dst="-1" /><file name="dm.gif" server="caperemit.com/public_html/new/" local="3208189500" remote="318763443933231012" Dst="-1" /><file name="do.gif" server="caperemit.com/public_html/new/" local="3208189500" remote="318763443933231012" Dst="-1" /><file name="dz.gif" server="caperemit.com/public_html/new/" local="3208189500" remote="318763443933231012" Dst="-1" /><file name="ec.gif" server="caperemit.com/public_html/new/" local="3208189500" remote="318763443933231012" Dst="-1" /><file name="ee.gif" server="caperemit.com/public_html/new/" local="3208189500" remote="318763443933231012" Dst="-1" /><file name="eg.gif" server="caperemit.com/public_html/new/" local="3208189500" remote="318763443933231012" Dst="-1" /><file name="eh.gif" server="caperemit.com/public_html/new/" local="3208189500" remote="318763443933231012" Dst="-1" /><file name="england.gif" server="caperemit.com/public_html/new/" local="3208189380" remote="318763443933231012" Dst="-1" /><file name="er.gif" server="caperemit.com/public_html/new/" local="3208189500" remote="318763443933231012" Dst="-1" /><file name="es.gif" server="caperemit.com/public_html/new/" local="3208189500" remote="318763443933231012" Dst="-1" /><file name="et.gif" server="caperemit.com/public_html/new/" local="3208189500" remote="318763443933231012" Dst="-1" /><file name="europeanunion.gif" server="caperemit.com/public_html/new/" local="3253233546" remote="318763443933231012" Dst="-1" /><file name="fam.gif" server="caperemit.com/public_html/new/" local="3208189380" remote="318763443933231012" Dst="-1" /><file name="fi.gif" server="caperemit.com/public_html/new/" local="3208189500" remote="318763443933231012" Dst="-1" /><file name="fj.gif" server="caperemit.com/public_html/new/" local="3208189500" remote="318763443933231012" Dst="-1" /><file name="fk.gif" server="caperemit.com/public_html/new/" local="3208189500" remote="318763443933231012" Dst="-1" /><file name="fm.gif" server="caperemit.com/public_html/new/" local="3208189500" remote="318763443933231012" Dst="-1" /><file name="fo.gif" server="caperemit.com/public_html/new/" local="3208189500" remote="318763443933231012" Dst="-1" /><file name="fr.gif" server="caperemit.com/public_html/new/" local="3208189500" remote="318763443933231012" Dst="-1" /><file name="ga.gif" server="caperemit.com/public_html/new/" local="3208189500" remote="318763443933231012" Dst="-1" /><file name="gb.gif" server="caperemit.com/public_html/new/" local="3253234826" remote="318763443933231012" Dst="-1" /><file name="gd.gif" server="caperemit.com/public_html/new/" local="3208189500" remote="318763443933231012" Dst="-1" /><file name="ge.gif" server="caperemit.com/public_html/new/" local="3208189500" remote="318763443933231012" Dst="-1" /><file name="gf.gif" server="caperemit.com/public_html/new/" local="3208189500" remote="318763443933231012" Dst="-1" /><file name="gh.gif" server="caperemit.com/public_html/new/" local="3208189500" remote="318763443933231012" Dst="-1" /><file name="gi.gif" server="caperemit.com/public_html/new/" local="3208189500" remote="318763443933231012" Dst="-1" /><file name="gl.gif" server="caperemit.com/public_html/new/" local="3208189500" remote="318763443933231012" Dst="-1" /><file name="gm.gif" server="caperemit.com/public_html/new/" local="3208189500" remote="318763443933231012" Dst="-1" /><file name="gn.gif" server="caperemit.com/public_html/new/" local="3208189500" remote="318763443933231012" Dst="-1" /><file name="gp.gif" server="caperemit.com/public_html/new/" local="3208189500" remote="318763443933231012" Dst="-1" /><file name="gq.gif" server="caperemit.com/public_html/new/" local="3208189500" remote="318763443933231012" Dst="-1" /><file name="gr.gif" server="caperemit.com/public_html/new/" local="3208189500" remote="318763443933231012" Dst="-1" /><file name="gs.gif" server="caperemit.com/public_html/new/" local="3208189500" remote="318763443933231012" Dst="-1" /><file name="gt.gif" server="caperemit.com/public_html/new/" local="3208189500" remote="318763443933231012" Dst="-1" /><file name="gu.gif" server="caperemit.com/public_html/new/" local="3208189500" remote="318763443933231012" Dst="-1" /><file name="gw.gif" server="caperemit.com/public_html/new/" local="3208189500" remote="318763443933231012" Dst="-1" /><file name="gy.gif" server="caperemit.com/public_html/new/" local="3208189500" remote="318763443933231012" Dst="-1" /><file name="hk.gif" server="caperemit.com/public_html/new/" local="3208189500" remote="318763443933231012" Dst="-1" /><file name="hm.gif" server="caperemit.com/public_html/new/" local="3208189500" remote="318763443933231012" Dst="-1" /><file name="hn.gif" server="caperemit.com/public_html/new/" local="3208189500" remote="318763443933231012" Dst="-1" /><file name="hr.gif" server="caperemit.com/public_html/new/" local="3208189440" remote="318763443933231012" Dst="-1" /><file name="ht.gif" server="caperemit.com/public_html/new/" local="3208189440" remote="318763443933231012" Dst="-1" /><file name="hu.gif" server="caperemit.com/public_html/new/" local="3208189500" remote="318763443933231012" Dst="-1" /><file name="id.gif" server="caperemit.com/public_html/new/" local="3208189440" remote="318763443933231072" Dst="-1" /><file name="ie.gif" server="caperemit.com/public_html/new/" local="3208189440" remote="318763443933231072" Dst="-1" /><file name="il.gif" server="caperemit.com/public_html/new/" local="3208189440" remote="318763443933231072" Dst="-1" /><file name="in.gif" server="caperemit.com/public_html/new/" local="3208189440" remote="318763443933231072" Dst="-1" /><file name="io.gif" server="caperemit.com/public_html/new/" local="3208189440" remote="318763443933231072" Dst="-1" /><file name="iq.gif" server="caperemit.com/public_html/new/" local="3208189440" remote="318763443933231072" Dst="-1" /><file name="is.gif" server="caperemit.com/public_html/new/" local="3208189440" remote="318763443933231072" Dst="-1" /><file name="ir.gif" server="caperemit.com/public_html/new/" local="3208189440" remote="318763443933231072" Dst="-1" /><file name="it.gif" server="caperemit.com/public_html/new/" local="3208189440" remote="318763443933231072" Dst="-1" /><file name="jm.gif" server="caperemit.com/public_html/new/" local="3208189440" remote="318763443933231072" Dst="-1" /><file name="jo.gif" server="caperemit.com/public_html/new/" local="3208189440" remote="318763443933231072" Dst="-1" /><file name="jp.gif" server="caperemit.com/public_html/new/" local="3208189440" remote="318763443933231072" Dst="-1" /><file name="ke.gif" server="caperemit.com/public_html/new/" local="3208189440" remote="318763443933231072" Dst="-1" /><file name="kg.gif" server="caperemit.com/public_html/new/" local="3208189440" remote="318763443933231072" Dst="-1" /><file name="kh.gif" server="caperemit.com/public_html/new/" local="3208189440" remote="318763443933231072" Dst="-1" /><file name="ki.gif" server="caperemit.com/public_html/new/" local="3208189440" remote="318763443933231072" Dst="-1" /><file name="km.gif" server="caperemit.com/public_html/new/" local="3208189440" remote="318763443933231072" Dst="-1" /><file name="kn.gif" server="caperemit.com/public_html/new/" local="3208189440" remote="318763443933231072" Dst="-1" /><file name="kp.gif" server="caperemit.com/public_html/new/" local="3208189440" remote="318763443933231072" Dst="-1" /><file name="kr.gif" server="caperemit.com/public_html/new/" local="3208189440" remote="318763443933231072" Dst="-1" /><file name="kw.gif" server="caperemit.com/public_html/new/" local="3208189440" remote="318763443933231072" Dst="-1" /><file name="ky.gif" server="caperemit.com/public_html/new/" local="3208189440" remote="318763443933231072" Dst="-1" /><file name="kz.gif" server="caperemit.com/public_html/new/" local="3208189440" remote="318763443933231072" Dst="-1" /><file name="la.gif" server="caperemit.com/public_html/new/" local="3208189440" remote="318763443933231072" Dst="-1" /><file name="lb.gif" server="caperemit.com/public_html/new/" local="3208189440" remote="318763443933231072" Dst="-1" /><file name="lc.gif" server="caperemit.com/public_html/new/" local="3253233904" remote="318763443933231072" Dst="-1" /><file name="li.gif" server="caperemit.com/public_html/new/" local="3208189440" remote="318763443933231072" Dst="-1" /><file name="lk.gif" server="caperemit.com/public_html/new/" local="3208189440" remote="318763443933231072" Dst="-1" /><file name="lr.gif" server="caperemit.com/public_html/new/" local="3208189440" remote="318763443933231072" Dst="-1" /><file name="ls.gif" server="caperemit.com/public_html/new/" local="3208189440" remote="318763443933231072" Dst="-1" /><file name="lt.gif" server="caperemit.com/public_html/new/" local="3208189440" remote="318763443933231072" Dst="-1" /><file name="lu.gif" server="caperemit.com/public_html/new/" local="3208189440" remote="318763443933231072" Dst="-1" /><file name="lv.gif" server="caperemit.com/public_html/new/" local="3208189440" remote="318763443933231072" Dst="-1" /><file name="ly.gif" server="caperemit.com/public_html/new/" local="3208189440" remote="318763443933231072" Dst="-1" /><file name="ma.gif" server="caperemit.com/public_html/new/" local="3208189440" remote="318763443933231072" Dst="-1" /><file name="mc.gif" server="caperemit.com/public_html/new/" local="3208189440" remote="318763443933231072" Dst="-1" /><file name="md.gif" server="caperemit.com/public_html/new/" local="3208189440" remote="318763443933231072" Dst="-1" /><file name="me.gif" server="caperemit.com/public_html/new/" local="3253233688" remote="318763443933231072" Dst="-1" /><file name="mg.gif" server="caperemit.com/public_html/new/" local="3208189440" remote="318763443933231072" Dst="-1" /><file name="mh.gif" server="caperemit.com/public_html/new/" local="3208189440" remote="318763443933231072" Dst="-1" /><file name="mk.gif" server="caperemit.com/public_html/new/" local="3208189440" remote="318763443933231072" Dst="-1" /><file name="ml.gif" server="caperemit.com/public_html/new/" local="3208189440" remote="318763443933231072" Dst="-1" /><file name="mm.gif" server="caperemit.com/public_html/new/" local="3208189440" remote="318763443933231072" Dst="-1" /><file name="mn.gif" server="caperemit.com/public_html/new/" local="3208189440" remote="318763443933231072" Dst="-1" /><file name="mo.gif" server="caperemit.com/public_html/new/" local="3208189440" remote="318763443933231072" Dst="-1" /><file name="mp.gif" server="caperemit.com/public_html/new/" local="3208189440" remote="318763443933231072" Dst="-1" /><file name="mq.gif" server="caperemit.com/public_html/new/" local="3208189440" remote="318763443933231072" Dst="-1" /><file name="mr.gif" server="caperemit.com/public_html/new/" local="3208189440" remote="318763443933231072" Dst="-1" /><file name="ms.gif" server="caperemit.com/public_html/new/" local="3208189440" remote="318763443933231072" Dst="-1" /><file name="mt.gif" server="caperemit.com/public_html/new/" local="3208189440" remote="318763443933231072" Dst="-1" /><file name="mu.gif" server="caperemit.com/public_html/new/" local="3208189440" remote="318763443933231072" Dst="-1" /><file name="mv.gif" server="caperemit.com/public_html/new/" local="3208189440" remote="318763443933231072" Dst="-1" /><file name="mw.gif" server="caperemit.com/public_html/new/" local="3208189440" remote="318763443933231072" Dst="-1" /><file name="mx.gif" server="caperemit.com/public_html/new/" local="3208189440" remote="318763443933231072" Dst="-1" /><file name="my.gif" server="caperemit.com/public_html/new/" local="3208189440" remote="318763443933231072" Dst="-1" /><file name="mz.gif" server="caperemit.com/public_html/new/" local="3208189440" remote="318763443933231072" Dst="-1" /><file name="na.gif" server="caperemit.com/public_html/new/" local="3208189440" remote="318763443933231072" Dst="-1" /><file name="nc.gif" server="caperemit.com/public_html/new/" local="3208189440" remote="318763443933231072" Dst="-1" /><file name="ne.gif" server="caperemit.com/public_html/new/" local="3208189440" remote="318763443933231072" Dst="-1" /><file name="nf.gif" server="caperemit.com/public_html/new/" local="3208189440" remote="318763443933231072" Dst="-1" /><file name="ng.gif" server="caperemit.com/public_html/new/" local="3208189440" remote="318763443933231072" Dst="-1" /><file name="ni.gif" server="caperemit.com/public_html/new/" local="3208189440" remote="318763443933231072" Dst="-1" /><file name="nl.gif" server="caperemit.com/public_html/new/" local="3208189440" remote="318763443933231072" Dst="-1" /><file name="no.gif" server="caperemit.com/public_html/new/" local="3208189440" remote="318763443933231072" Dst="-1" /><file name="np.gif" server="caperemit.com/public_html/new/" local="3208189440" remote="318763443933231072" Dst="-1" /><file name="nr.gif" server="caperemit.com/public_html/new/" local="3208189440" remote="318763443933231072" Dst="-1" /><file name="nu.gif" server="caperemit.com/public_html/new/" local="3208189440" remote="318763443933231072" Dst="-1" /><file name="nz.gif" server="caperemit.com/public_html/new/" local="3208189440" remote="318763443933231072" Dst="-1" /><file name="om.gif" server="caperemit.com/public_html/new/" local="3208189440" remote="318763443933231072" Dst="-1" /><file name="pa.gif" server="caperemit.com/public_html/new/" local="3208189440" remote="318763443933231072" Dst="-1" /><file name="pe.gif" server="caperemit.com/public_html/new/" local="3208189440" remote="318763443933231072" Dst="-1" /><file name="pf.gif" server="caperemit.com/public_html/new/" local="3208189440" remote="318763443933231072" Dst="-1" /><file name="pg.gif" server="caperemit.com/public_html/new/" local="3208189440" remote="318763443933231072" Dst="-1" /><file name="ph.gif" server="caperemit.com/public_html/new/" local="3208189440" remote="318763443933231072" Dst="-1" /><file name="pk.gif" server="caperemit.com/public_html/new/" local="3208189440" remote="318763443933231072" Dst="-1" /><file name="pl.gif" server="caperemit.com/public_html/new/" local="3208189440" remote="318763443933231072" Dst="-1" /><file name="pm.gif" server="caperemit.com/public_html/new/" local="3208189440" remote="318763443933231072" Dst="-1" /><file name="pn.gif" server="caperemit.com/public_html/new/" local="3208189440" remote="318763443933231072" Dst="-1" /><file name="pr.gif" server="caperemit.com/public_html/new/" local="3208189440" remote="318763443933231072" Dst="-1" /><file name="ps.gif" server="caperemit.com/public_html/new/" local="3208189440" remote="318763443933231072" Dst="-1" /><file name="pt.gif" server="caperemit.com/public_html/new/" local="3208189440" remote="318763443933231072" Dst="-1" /><file name="pw.gif" server="caperemit.com/public_html/new/" local="3208189440" remote="318763443933231072" Dst="-1" /><file name="py.gif" server="caperemit.com/public_html/new/" local="3208189440" remote="318763443933231072" Dst="-1" /><file name="qa.gif" server="caperemit.com/public_html/new/" local="3208189440" remote="318763443933231072" Dst="-1" /><file name="re.gif" server="caperemit.com/public_html/new/" local="3208189500" remote="318763443933231132" Dst="-1" /><file name="ro.gif" server="caperemit.com/public_html/new/" local="3208189440" remote="318763443933231132" Dst="-1" /><file name="rs.gif" server="caperemit.com/public_html/new/" local="3253233634" remote="318763443933231132" Dst="-1" /><file name="ru.gif" server="caperemit.com/public_html/new/" local="3208189440" remote="318763443933231132" Dst="-1" /><file name="rw.gif" server="caperemit.com/public_html/new/" local="3208189440" remote="318763443933231132" Dst="-1" /><file name="sa.gif" server="caperemit.com/public_html/new/" local="3208189380" remote="318763443933231132" Dst="-1" /><file name="sb.gif" server="caperemit.com/public_html/new/" local="3208189380" remote="318763443933231132" Dst="-1" /><file name="sc.gif" server="caperemit.com/public_html/new/" local="3208189380" remote="318763443933231132" Dst="-1" /><file name="scotland.gif" server="caperemit.com/public_html/new/" local="3208189380" remote="318763443933231132" Dst="-1" /><file name="sd.gif" server="caperemit.com/public_html/new/" local="3208189380" remote="318763443933231132" Dst="-1" /><file name="se.gif" server="caperemit.com/public_html/new/" local="3208189440" remote="318763443933231132" Dst="-1" /><file name="sg.gif" server="caperemit.com/public_html/new/" local="3208189380" remote="318763443933231132" Dst="-1" /><file name="sh.gif" server="caperemit.com/public_html/new/" local="3208189380" remote="318763443933231132" Dst="-1" /><file name="si.gif" server="caperemit.com/public_html/new/" local="3208189380" remote="318763443933231132" Dst="-1" /><file name="sj.gif" server="caperemit.com/public_html/new/" local="3208189440" remote="318763443933231132" Dst="-1" /><file name="sk.gif" server="caperemit.com/public_html/new/" local="3208189380" remote="318763443933231132" Dst="-1" /><file name="sl.gif" server="caperemit.com/public_html/new/" local="3208189380" remote="318763443933231132" Dst="-1" /><file name="sm.gif" server="caperemit.com/public_html/new/" local="3208189380" remote="318763443933231132" Dst="-1" /><file name="sn.gif" server="caperemit.com/public_html/new/" local="3208189380" remote="318763443933231132" Dst="-1" /><file name="so.gif" server="caperemit.com/public_html/new/" local="3208189380" remote="318763443933231132" Dst="-1" /><file name="sr.gif" server="caperemit.com/public_html/new/" local="3208189380" remote="318763443933231132" Dst="-1" /><file name="st.gif" server="caperemit.com/public_html/new/" local="3208189380" remote="318763443933231132" Dst="-1" /><file name="sv.gif" server="caperemit.com/public_html/new/" local="3208189380" remote="318763443933231132" Dst="-1" /><file name="sy.gif" server="caperemit.com/public_html/new/" local="3208189440" remote="318763443933231132" Dst="-1" /><file name="sz.gif" server="caperemit.com/public_html/new/" local="3208189440" remote="318763443933231132" Dst="-1" /><file name="tc.gif" server="caperemit.com/public_html/new/" local="3208189380" remote="318763443933231132" Dst="-1" /><file name="td.gif" server="caperemit.com/public_html/new/" local="3208189380" remote="318763443933231132" Dst="-1" /><file name="tf.gif" server="caperemit.com/public_html/new/" local="3208189380" remote="318763443933231132" Dst="-1" /><file name="tg.gif" server="caperemit.com/public_html/new/" local="3208189380" remote="318763443933231132" Dst="-1" /><file name="th.gif" server="caperemit.com/public_html/new/" local="3208189380" remote="318763443933231132" Dst="-1" /><file name="tj.gif" server="caperemit.com/public_html/new/" local="3208189380" remote="318763443933231132" Dst="-1" /><file name="tk.gif" server="caperemit.com/public_html/new/" local="3208189380" remote="318763443933231132" Dst="-1" /><file name="tl.gif" server="caperemit.com/public_html/new/" local="3208189380" remote="318763443933231132" Dst="-1" /><file name="tm.gif" server="caperemit.com/public_html/new/" local="3208189380" remote="318763443933231132" Dst="-1" /><file name="tn.gif" server="caperemit.com/public_html/new/" local="3208189380" remote="318763443933231132" Dst="-1" /><file name="to.gif" server="caperemit.com/public_html/new/" local="3208189380" remote="318763443933231132" Dst="-1" /><file name="tr.gif" server="caperemit.com/public_html/new/" local="3208189380" remote="318763443933231132" Dst="-1" /><file name="tt.gif" server="caperemit.com/public_html/new/" local="3208189380" remote="318763443933231132" Dst="-1" /><file name="tv.gif" server="caperemit.com/public_html/new/" local="3208189380" remote="318763443933231132" Dst="-1" /><file name="tw.gif" server="caperemit.com/public_html/new/" local="3208189380" remote="318763443933231132" Dst="-1" /><file name="tz.gif" server="caperemit.com/public_html/new/" local="3208189380" remote="318763443933231132" Dst="-1" /><file name="ua.gif" server="caperemit.com/public_html/new/" local="3208189380" remote="318763443933231132" Dst="-1" /><file name="ug.gif" server="caperemit.com/public_html/new/" local="3208189380" remote="318763443933231132" Dst="-1" /><file name="um.gif" server="caperemit.com/public_html/new/" local="3208189380" remote="318763443933231132" Dst="-1" /><file name="uy.gif" server="caperemit.com/public_html/new/" local="3208189380" remote="318763443933231132" Dst="-1" /><file name="uz.gif" server="caperemit.com/public_html/new/" local="3208189380" remote="318763443933231132" Dst="-1" /><file name="us.gif" server="caperemit.com/public_html/new/" local="3208189380" remote="318763443933231132" Dst="-1" /><file name="va.gif" server="caperemit.com/public_html/new/" local="3208189380" remote="318763443933231132" Dst="-1" /><file name="vc.gif" server="caperemit.com/public_html/new/" local="3208189380" remote="318763443933231132" Dst="-1" /><file name="ve.gif" server="caperemit.com/public_html/new/" local="3208189380" remote="318763443933231132" Dst="-1" /><file name="vg.gif" server="caperemit.com/public_html/new/" local="3208189380" remote="318763443933231132" Dst="-1" /><file name="vi.gif" server="caperemit.com/public_html/new/" local="3208189380" remote="318763443933231132" Dst="-1" /><file name="vn.gif" server="caperemit.com/public_html/new/" local="3208189380" remote="318763443933231132" Dst="-1" /><file name="vu.gif" server="caperemit.com/public_html/new/" local="3208189380" remote="318763443933231132" Dst="-1" /><file name="wales.gif" server="caperemit.com/public_html/new/" local="3208189380" remote="318763443933231132" Dst="-1" /><file name="wf.gif" server="caperemit.com/public_html/new/" local="3208189380" remote="318763443933231132" Dst="-1" /><file name="ws.gif" server="caperemit.com/public_html/new/" local="3208189380" remote="318763443933231132" Dst="-1" /><file name="ye.gif" server="caperemit.com/public_html/new/" local="3208189380" remote="318763443933231132" Dst="-1" /><file name="yt.gif" server="caperemit.com/public_html/new/" local="3208189380" remote="318763443933231132" Dst="-1" /><file name="za.gif" server="caperemit.com/public_html/new/" local="3208189380" remote="318763443933231132" Dst="-1" /><file name="zm.gif" server="caperemit.com/public_html/new/" local="3208189380" remote="318763443933231132" Dst="-1" /><file name="zw.gif" server="caperemit.com/public_html/new/" local="3208189380" remote="318763443933231132" Dst="-1" /></dwsync>