<?xml version="1.0" encoding="utf-8" ?><dwsync><file name="_all.css" server="caperemit.com/public_html/" local="3453539464" remote="318763443930547632" Dst="-1" /><file name="aero.css" server="caperemit.com/public_html/" local="3453539464" remote="318763443930547632" Dst="-1" /><file name="aero.png" server="caperemit.com/public_html/" local="3453539464" remote="318763443930547632" Dst="-1" /><file name="aero@2x.png" server="caperemit.com/public_html/" local="3453539464" remote="318763443930547632" Dst="-1" /><file name="blue.png" server="caperemit.com/public_html/" local="3453539464" remote="318763443930547632" Dst="-1" /><file name="blue@2x.png" server="caperemit.com/public_html/" local="3453539464" remote="318763443930547632" Dst="-1" /><file name="blue.css" server="caperemit.com/public_html/" local="3453539464" remote="318763443930547632" Dst="-1" /><file name="green.css" server="caperemit.com/public_html/" local="3459347160" remote="318763443930547632" Dst="-1" /><file name="green.png" server="caperemit.com/public_html/" local="3453539464" remote="318763443930547632" Dst="-1" /><file name="green@2x.png" server="caperemit.com/public_html/" local="3453539464" remote="318763443930547632" Dst="-1" /><file name="grey@2x.png" server="caperemit.com/public_html/" local="3453539464" remote="318763443930547632" Dst="-1" /><file name="grey.css" server="caperemit.com/public_html/" local="3532023792" remote="318763443930547632" Dst="-1" /><file name="grey.png" server="caperemit.com/public_html/" local="3531413028" remote="318763443930547632" Dst="-1" /><file name="minimal.css" server="caperemit.com/public_html/" local="3453539464" remote="318763443930547632" Dst="-1" /><file name="minimal.png" server="caperemit.com/public_html/" local="3453539464" remote="318763443930547632" Dst="-1" /><file name="minimal@2x.png" server="caperemit.com/public_html/" local="3453539464" remote="318763443930547632" Dst="-1" /><file name="orange.css" server="caperemit.com/public_html/" local="3453539464" remote="318763443930547632" Dst="-1" /><file name="orange.png" server="caperemit.com/public_html/" local="3453539464" remote="318763443930547632" Dst="-1" /><file name="orange@2x.png" server="caperemit.com/public_html/" local="3453539464" remote="318763443930547632" Dst="-1" /><file name="pink@2x.png" server="caperemit.com/public_html/" local="3453539464" remote="318763443930547632" Dst="-1" /><file name="pink.css" server="caperemit.com/public_html/" local="3453539464" remote="318763443930547632" Dst="-1" /><file name="pink.png" server="caperemit.com/public_html/" local="3453539464" remote="318763443930547632" Dst="-1" /><file name="purple.png" server="caperemit.com/public_html/" local="3453539464" remote="318763443930547632" Dst="-1" /><file name="purple@2x.png" server="caperemit.com/public_html/" local="3453539464" remote="318763443930547632" Dst="-1" /><file name="purple.css" server="caperemit.com/public_html/" local="3453539464" remote="318763443930547632" Dst="-1" /><file name="red.css" server="caperemit.com/public_html/" local="3453539464" remote="318763443930547632" Dst="-1" /><file name="red.png" server="caperemit.com/public_html/" local="3453539464" remote="318763443930547632" Dst="-1" /><file name="red@2x.png" server="caperemit.com/public_html/" local="3453539464" remote="318763443930547632" Dst="-1" /><file name="white.css" server="caperemit.com/public_html/" local="3532023756" remote="318763443930547632" Dst="-1" /><file name="white.png" server="caperemit.com/public_html/" local="3531411242" remote="318763443930547632" Dst="-1" /><file name="Thumbs.db" server="caperemit.com/public_html/" local="3531411004" remote="318763443930547632" Dst="-1" /><file name="yellow.png" server="caperemit.com/public_html/" local="3453539464" remote="318763443930547632" Dst="-1" /><file name="yellow.css" server="caperemit.com/public_html/" local="3453539464" remote="318763443930547632" Dst="-1" /><file name="yellow@2x.png" server="caperemit.com/public_html/" local="3453539464" remote="318763443930547632" Dst="-1" /><file name="grey.css" server="caperemit.com/public_html/new/" local="3532023792" remote="318763443930775332" Dst="-1" /><file name="white.css" server="caperemit.com/public_html/new/" local="3532023756" remote="318763443930775332" Dst="-1" /><file name="Thumbs.db" server="caperemit.com/public_html/new/" local="3531411004" remote="318763443930775332" Dst="-1" /><file name="grey.png" server="caperemit.com/public_html/new/" local="3531413028" remote="318763443930775332" Dst="-1" /><file name="white.png" server="caperemit.com/public_html/new/" local="3531411242" remote="318763443930775332" Dst="-1" /></dwsync>